formula	comparison	target	gated_rank	comparator_rank	signed_displacement	absolute_displacement	shared_top10
四君子汤	evidence_gated_vs_ungated_union	AKR1B1	13	13	0	0	False
四君子汤	evidence_gated_vs_ungated_union	AKT1	32	31	-1	1	False
四君子汤	evidence_gated_vs_ungated_union	APP	22	26	4	4	False
四君子汤	evidence_gated_vs_ungated_union	BACE1	24	28	4	4	False
四君子汤	evidence_gated_vs_ungated_union	BAX	33	33	0	0	False
四君子汤	evidence_gated_vs_ungated_union	CASP3	31	25	-6	6	False
四君子汤	evidence_gated_vs_ungated_union	CCK	34	34	0	0	False
四君子汤	evidence_gated_vs_ungated_union	CD4	35	35	0	0	False
四君子汤	evidence_gated_vs_ungated_union	CHRNA7	21	24	3	3	False
四君子汤	evidence_gated_vs_ungated_union	CRP	36	36	0	0	False
四君子汤	evidence_gated_vs_ungated_union	CYP19A1	2	8	6	6	True
四君子汤	evidence_gated_vs_ungated_union	CYP1B1	18	19	1	1	False
四君子汤	evidence_gated_vs_ungated_union	EGFR	29	21	-8	8	False
四君子汤	evidence_gated_vs_ungated_union	EPO	37	37	0	0	False
四君子汤	evidence_gated_vs_ungated_union	ESR1	16	17	1	1	False
四君子汤	evidence_gated_vs_ungated_union	ESR2	11	11	0	0	False
四君子汤	evidence_gated_vs_ungated_union	F2	38	38	0	0	False
四君子汤	evidence_gated_vs_ungated_union	GATA3	39	39	0	0	False
四君子汤	evidence_gated_vs_ungated_union	GSK3B	40	40	0	0	False
四君子汤	evidence_gated_vs_ungated_union	HDAC6	12	12	0	0	False
四君子汤	evidence_gated_vs_ungated_union	HMGB1	27	32	5	5	False
四君子汤	evidence_gated_vs_ungated_union	HSD11B1	1	1	0	0	True
四君子汤	evidence_gated_vs_ungated_union	HSD11B2	4	2	-2	2	True
四君子汤	evidence_gated_vs_ungated_union	HSD17B1	17	18	1	1	False
四君子汤	evidence_gated_vs_ungated_union	HSD17B2	14	14	0	0	False
四君子汤	evidence_gated_vs_ungated_union	HSPB1	41	41	0	0	False
四君子汤	evidence_gated_vs_ungated_union	IGFBP3	42	42	0	0	False
四君子汤	evidence_gated_vs_ungated_union	IL10RA	43	43	0	0	False
四君子汤	evidence_gated_vs_ungated_union	IL2	20	23	3	3	False
四君子汤	evidence_gated_vs_ungated_union	JAK1	44	44	0	0	False
四君子汤	evidence_gated_vs_ungated_union	JUN	45	45	0	0	False
四君子汤	evidence_gated_vs_ungated_union	KLF4	46	46	0	0	False
四君子汤	evidence_gated_vs_ungated_union	LOX	47	47	0	0	False
四君子汤	evidence_gated_vs_ungated_union	LRP1	48	48	0	0	False
四君子汤	evidence_gated_vs_ungated_union	MAOA	23	27	4	4	False
四君子汤	evidence_gated_vs_ungated_union	MAOB	3	9	6	6	True
四君子汤	evidence_gated_vs_ungated_union	MAPK3	49	49	0	0	False
四君子汤	evidence_gated_vs_ungated_union	MMP1	9	7	-2	2	True
四君子汤	evidence_gated_vs_ungated_union	MMP13	8	6	-2	2	True
四君子汤	evidence_gated_vs_ungated_union	MMP2	6	3	-3	3	True
四君子汤	evidence_gated_vs_ungated_union	MMP3	10	10	0	0	True
四君子汤	evidence_gated_vs_ungated_union	MMP7	5	4	-1	1	True
四君子汤	evidence_gated_vs_ungated_union	MMP9	7	5	-2	2	True
四君子汤	evidence_gated_vs_ungated_union	NLRP3	15	16	1	1	False
四君子汤	evidence_gated_vs_ungated_union	P4HB	25	29	4	4	False
四君子汤	evidence_gated_vs_ungated_union	PCNA	50	50	0	0	False
四君子汤	evidence_gated_vs_ungated_union	PPARG	51	51	0	0	False
四君子汤	evidence_gated_vs_ungated_union	PRL	52	52	0	0	False
四君子汤	evidence_gated_vs_ungated_union	PRLR	53	53	0	0	False
四君子汤	evidence_gated_vs_ungated_union	PSMB5	19	20	1	1	False
四君子汤	evidence_gated_vs_ungated_union	PTGS2	54	54	0	0	False
四君子汤	evidence_gated_vs_ungated_union	RTCA	55	55	0	0	False
四君子汤	evidence_gated_vs_ungated_union	SLC12A3	56	56	0	0	False
四君子汤	evidence_gated_vs_ungated_union	SMAD3	57	57	0	0	False
四君子汤	evidence_gated_vs_ungated_union	SOCS1	58	58	0	0	False
四君子汤	evidence_gated_vs_ungated_union	SPP1	59	59	0	0	False
四君子汤	evidence_gated_vs_ungated_union	STAT1	60	60	0	0	False
四君子汤	evidence_gated_vs_ungated_union	STAT3	61	61	0	0	False
四君子汤	evidence_gated_vs_ungated_union	STAT4	62	62	0	0	False
四君子汤	evidence_gated_vs_ungated_union	STIM1	63	63	0	0	False
四君子汤	evidence_gated_vs_ungated_union	STIM2	64	64	0	0	False
四君子汤	evidence_gated_vs_ungated_union	TDP1	26	30	4	4	False
四君子汤	evidence_gated_vs_ungated_union	TGFB1	65	65	0	0	False
四君子汤	evidence_gated_vs_ungated_union	TLR4	66	66	0	0	False
四君子汤	evidence_gated_vs_ungated_union	TNF	28	15	-13	13	False
四君子汤	evidence_gated_vs_ungated_union	TP53	67	67	0	0	False
四君子汤	evidence_gated_vs_ungated_union	TRPC1	68	68	0	0	False
四君子汤	evidence_gated_vs_ungated_union	ULK1	69	69	0	0	False
四君子汤	evidence_gated_vs_ungated_union	VEGFA	30	22	-8	8	False
四君子汤	evidence_gated_vs_ungated_union	VIP	70	70	0	0	False
四君子汤	evidence_gated_vs_cutoff_chembl_measured_only	AKR1B1	13	11	-2	2	False
四君子汤	evidence_gated_vs_cutoff_chembl_measured_only	APP	22	22	0	0	False
四君子汤	evidence_gated_vs_cutoff_chembl_measured_only	BACE1	24	24	0	0	False
四君子汤	evidence_gated_vs_cutoff_chembl_measured_only	CHRNA7	21	21	0	0	False
四君子汤	evidence_gated_vs_cutoff_chembl_measured_only	CYP19A1	2	14	12	12	False
四君子汤	evidence_gated_vs_cutoff_chembl_measured_only	CYP1B1	18	17	-1	1	False
四君子汤	evidence_gated_vs_cutoff_chembl_measured_only	ESR1	16	15	-1	1	False
四君子汤	evidence_gated_vs_cutoff_chembl_measured_only	ESR2	11	9	-2	2	False
四君子汤	evidence_gated_vs_cutoff_chembl_measured_only	HDAC6	12	10	-2	2	False
四君子汤	evidence_gated_vs_cutoff_chembl_measured_only	HMGB1	27	27	0	0	False
四君子汤	evidence_gated_vs_cutoff_chembl_measured_only	HSD11B1	1	2	1	1	True
四君子汤	evidence_gated_vs_cutoff_chembl_measured_only	HSD11B2	4	1	-3	3	True
四君子汤	evidence_gated_vs_cutoff_chembl_measured_only	HSD17B1	17	16	-1	1	False
四君子汤	evidence_gated_vs_cutoff_chembl_measured_only	HSD17B2	14	12	-2	2	False
四君子汤	evidence_gated_vs_cutoff_chembl_measured_only	IL2	20	19	-1	1	False
四君子汤	evidence_gated_vs_cutoff_chembl_measured_only	MAOA	23	23	0	0	False
四君子汤	evidence_gated_vs_cutoff_chembl_measured_only	MAOB	3	20	17	17	False
四君子汤	evidence_gated_vs_cutoff_chembl_measured_only	MMP1	9	7	-2	2	True
四君子汤	evidence_gated_vs_cutoff_chembl_measured_only	MMP13	8	6	-2	2	True
四君子汤	evidence_gated_vs_cutoff_chembl_measured_only	MMP2	6	4	-2	2	True
四君子汤	evidence_gated_vs_cutoff_chembl_measured_only	MMP3	10	8	-2	2	True
四君子汤	evidence_gated_vs_cutoff_chembl_measured_only	MMP7	5	3	-2	2	True
四君子汤	evidence_gated_vs_cutoff_chembl_measured_only	MMP9	7	5	-2	2	True
四君子汤	evidence_gated_vs_cutoff_chembl_measured_only	NLRP3	15	13	-2	2	False
四君子汤	evidence_gated_vs_cutoff_chembl_measured_only	P4HB	25	25	0	0	False
四君子汤	evidence_gated_vs_cutoff_chembl_measured_only	PSMB5	19	18	-1	1	False
四君子汤	evidence_gated_vs_cutoff_chembl_measured_only	TDP1	26	26	0	0	False
六君子汤	evidence_gated_vs_ungated_union	ABCB1	23	13	-10	10	False
六君子汤	evidence_gated_vs_ungated_union	ABCG2	4	9	5	5	True
六君子汤	evidence_gated_vs_ungated_union	AGRP	35	35	0	0	False
六君子汤	evidence_gated_vs_ungated_union	AKR1B1	15	16	1	1	False
六君子汤	evidence_gated_vs_ungated_union	APP	26	27	1	1	False
六君子汤	evidence_gated_vs_ungated_union	ARHGAP11A	36	36	0	0	False
六君子汤	evidence_gated_vs_ungated_union	BACE1	28	29	1	1	False
六君子汤	evidence_gated_vs_ungated_union	CALM1	31	32	1	1	False
六君子汤	evidence_gated_vs_ungated_union	CHRNA7	24	25	1	1	False
六君子汤	evidence_gated_vs_ungated_union	CYP19A1	3	8	5	5	True
六君子汤	evidence_gated_vs_ungated_union	CYP1B1	21	23	2	2	False
六君子汤	evidence_gated_vs_ungated_union	DCP1A	37	37	0	0	False
六君子汤	evidence_gated_vs_ungated_union	DICER1	38	38	0	0	False
六君子汤	evidence_gated_vs_ungated_union	ESR1	19	21	2	2	False
六君子汤	evidence_gated_vs_ungated_union	ESR2	13	14	1	1	False
六君子汤	evidence_gated_vs_ungated_union	GDF15	39	39	0	0	False
六君子汤	evidence_gated_vs_ungated_union	GDNF	40	40	0	0	False
六君子汤	evidence_gated_vs_ungated_union	GSK3B	33	34	1	1	False
六君子汤	evidence_gated_vs_ungated_union	HDAC6	14	15	1	1	False
六君子汤	evidence_gated_vs_ungated_union	HMGB1	32	33	1	1	False
六君子汤	evidence_gated_vs_ungated_union	HSD11B1	2	1	-1	1	True
六君子汤	evidence_gated_vs_ungated_union	HSD11B2	6	2	-4	4	True
六君子汤	evidence_gated_vs_ungated_union	HSD17B1	20	22	2	2	False
六君子汤	evidence_gated_vs_ungated_union	HSD17B2	16	17	1	1	False
六君子汤	evidence_gated_vs_ungated_union	IL2	1	12	11	11	False
六君子汤	evidence_gated_vs_ungated_union	IL22RA1	41	41	0	0	False
六君子汤	evidence_gated_vs_ungated_union	JAK1	42	42	0	0	False
六君子汤	evidence_gated_vs_ungated_union	KDM1A	25	26	1	1	False
六君子汤	evidence_gated_vs_ungated_union	MAOA	27	28	1	1	False
六君子汤	evidence_gated_vs_ungated_union	MAOB	5	10	5	5	True
六君子汤	evidence_gated_vs_ungated_union	MMP1	11	7	-4	4	False
六君子汤	evidence_gated_vs_ungated_union	MMP13	10	6	-4	4	True
六君子汤	evidence_gated_vs_ungated_union	MMP2	8	3	-5	5	True
六君子汤	evidence_gated_vs_ungated_union	MMP3	12	11	-1	1	False
六君子汤	evidence_gated_vs_ungated_union	MMP7	7	4	-3	3	True
六君子汤	evidence_gated_vs_ungated_union	MMP9	9	5	-4	4	True
六君子汤	evidence_gated_vs_ungated_union	NLRP3	18	20	2	2	False
六君子汤	evidence_gated_vs_ungated_union	NPY	43	43	0	0	False
六君子汤	evidence_gated_vs_ungated_union	P4HB	29	30	1	1	False
六君子汤	evidence_gated_vs_ungated_union	PINK1	44	44	0	0	False
六君子汤	evidence_gated_vs_ungated_union	PIWIL2	45	45	0	0	False
六君子汤	evidence_gated_vs_ungated_union	PIWIL4	46	46	0	0	False
六君子汤	evidence_gated_vs_ungated_union	PKM	17	18	1	1	False
六君子汤	evidence_gated_vs_ungated_union	POMC	47	47	0	0	False
六君子汤	evidence_gated_vs_ungated_union	PSMB5	22	24	2	2	False
六君子汤	evidence_gated_vs_ungated_union	SAA1	48	48	0	0	False
六君子汤	evidence_gated_vs_ungated_union	TDP1	30	31	1	1	False
六君子汤	evidence_gated_vs_ungated_union	TLR2	49	49	0	0	False
六君子汤	evidence_gated_vs_ungated_union	TLR4	50	50	0	0	False
六君子汤	evidence_gated_vs_ungated_union	TNF	34	19	-15	15	False
六君子汤	evidence_gated_vs_ungated_union	TRH	51	51	0	0	False
六君子汤	evidence_gated_vs_ungated_union	XCL1	52	52	0	0	False
六君子汤	evidence_gated_vs_cutoff_chembl_measured_only	ABCB1	23	23	0	0	False
六君子汤	evidence_gated_vs_cutoff_chembl_measured_only	ABCG2	4	19	15	15	False
六君子汤	evidence_gated_vs_cutoff_chembl_measured_only	AKR1B1	15	11	-4	4	False
六君子汤	evidence_gated_vs_cutoff_chembl_measured_only	APP	26	26	0	0	False
六君子汤	evidence_gated_vs_cutoff_chembl_measured_only	BACE1	28	28	0	0	False
六君子汤	evidence_gated_vs_cutoff_chembl_measured_only	CALM1	31	31	0	0	False
六君子汤	evidence_gated_vs_cutoff_chembl_measured_only	CHRNA7	24	24	0	0	False
六君子汤	evidence_gated_vs_cutoff_chembl_measured_only	CYP19A1	3	15	12	12	False
六君子汤	evidence_gated_vs_cutoff_chembl_measured_only	CYP1B1	21	18	-3	3	False
六君子汤	evidence_gated_vs_cutoff_chembl_measured_only	ESR1	19	16	-3	3	False
六君子汤	evidence_gated_vs_cutoff_chembl_measured_only	ESR2	13	9	-4	4	False
六君子汤	evidence_gated_vs_cutoff_chembl_measured_only	GSK3B	33	33	0	0	False
六君子汤	evidence_gated_vs_cutoff_chembl_measured_only	HDAC6	14	10	-4	4	False
六君子汤	evidence_gated_vs_cutoff_chembl_measured_only	HMGB1	32	32	0	0	False
六君子汤	evidence_gated_vs_cutoff_chembl_measured_only	HSD11B1	2	2	0	0	True
六君子汤	evidence_gated_vs_cutoff_chembl_measured_only	HSD11B2	6	1	-5	5	True
六君子汤	evidence_gated_vs_cutoff_chembl_measured_only	HSD17B1	20	17	-3	3	False
六君子汤	evidence_gated_vs_cutoff_chembl_measured_only	HSD17B2	16	12	-4	4	False
六君子汤	evidence_gated_vs_cutoff_chembl_measured_only	IL2	1	21	20	20	False
六君子汤	evidence_gated_vs_cutoff_chembl_measured_only	KDM1A	25	25	0	0	False
六君子汤	evidence_gated_vs_cutoff_chembl_measured_only	MAOA	27	27	0	0	False
六君子汤	evidence_gated_vs_cutoff_chembl_measured_only	MAOB	5	22	17	17	False
六君子汤	evidence_gated_vs_cutoff_chembl_measured_only	MMP1	11	7	-4	4	False
六君子汤	evidence_gated_vs_cutoff_chembl_measured_only	MMP13	10	6	-4	4	True
六君子汤	evidence_gated_vs_cutoff_chembl_measured_only	MMP2	8	4	-4	4	True
六君子汤	evidence_gated_vs_cutoff_chembl_measured_only	MMP3	12	8	-4	4	False
六君子汤	evidence_gated_vs_cutoff_chembl_measured_only	MMP7	7	3	-4	4	True
六君子汤	evidence_gated_vs_cutoff_chembl_measured_only	MMP9	9	5	-4	4	True
六君子汤	evidence_gated_vs_cutoff_chembl_measured_only	NLRP3	18	14	-4	4	False
六君子汤	evidence_gated_vs_cutoff_chembl_measured_only	P4HB	29	29	0	0	False
六君子汤	evidence_gated_vs_cutoff_chembl_measured_only	PKM	17	13	-4	4	False
六君子汤	evidence_gated_vs_cutoff_chembl_measured_only	PSMB5	22	20	-2	2	False
六君子汤	evidence_gated_vs_cutoff_chembl_measured_only	TDP1	30	30	0	0	False
四物汤	evidence_gated_vs_ungated_union	ABCG2	28	28	0	0	False
四物汤	evidence_gated_vs_ungated_union	ADRM1	29	29	0	0	False
四物汤	evidence_gated_vs_ungated_union	AGA	30	30	0	0	False
四物汤	evidence_gated_vs_ungated_union	AKT1	17	17	0	0	False
四物汤	evidence_gated_vs_ungated_union	BDNF	31	31	0	0	False
四物汤	evidence_gated_vs_ungated_union	BIRC5	32	32	0	0	False
四物汤	evidence_gated_vs_ungated_union	BRD4	33	33	0	0	False
四物汤	evidence_gated_vs_ungated_union	C4B	34	34	0	0	False
四物汤	evidence_gated_vs_ungated_union	CA1	3	3	0	0	True
四物汤	evidence_gated_vs_ungated_union	CA12	9	9	0	0	True
四物汤	evidence_gated_vs_ungated_union	CA14	7	7	0	0	True
四物汤	evidence_gated_vs_ungated_union	CA2	2	2	0	0	True
四物汤	evidence_gated_vs_ungated_union	CA3	12	12	0	0	False
四物汤	evidence_gated_vs_ungated_union	CA4	11	11	0	0	False
四物汤	evidence_gated_vs_ungated_union	CA5A	4	4	0	0	True
四物汤	evidence_gated_vs_ungated_union	CA5B	10	10	0	0	True
四物汤	evidence_gated_vs_ungated_union	CA6	6	6	0	0	True
四物汤	evidence_gated_vs_ungated_union	CA7	5	5	0	0	True
四物汤	evidence_gated_vs_ungated_union	CA9	8	8	0	0	True
四物汤	evidence_gated_vs_ungated_union	CASP3	18	18	0	0	False
四物汤	evidence_gated_vs_ungated_union	CRP	19	19	0	0	False
四物汤	evidence_gated_vs_ungated_union	EGF	35	35	0	0	False
四物汤	evidence_gated_vs_ungated_union	EGFR	36	36	0	0	False
四物汤	evidence_gated_vs_ungated_union	EPO	24	24	0	0	False
四物汤	evidence_gated_vs_ungated_union	ESR1	37	37	0	0	False
四物汤	evidence_gated_vs_ungated_union	FGFR1	38	38	0	0	False
四物汤	evidence_gated_vs_ungated_union	GRB2	25	25	0	0	False
四物汤	evidence_gated_vs_ungated_union	GSDMD	39	39	0	0	False
四物汤	evidence_gated_vs_ungated_union	HGF	40	40	0	0	False
四物汤	evidence_gated_vs_ungated_union	HMGB1	41	41	0	0	False
四物汤	evidence_gated_vs_ungated_union	HMOX1	42	42	0	0	False
四物汤	evidence_gated_vs_ungated_union	HRAS	26	26	0	0	False
四物汤	evidence_gated_vs_ungated_union	HSP90AB1	43	43	0	0	False
四物汤	evidence_gated_vs_ungated_union	IL6	44	44	0	0	False
四物汤	evidence_gated_vs_ungated_union	KDR	20	20	0	0	False
四物汤	evidence_gated_vs_ungated_union	KRAS	45	45	0	0	False
四物汤	evidence_gated_vs_ungated_union	MAPK1	46	46	0	0	False
四物汤	evidence_gated_vs_ungated_union	MAPK14	47	47	0	0	False
四物汤	evidence_gated_vs_ungated_union	MLKL	48	48	0	0	False
四物汤	evidence_gated_vs_ungated_union	MPO	49	49	0	0	False
四物汤	evidence_gated_vs_ungated_union	MVD	21	21	0	0	False
四物汤	evidence_gated_vs_ungated_union	MYC	50	50	0	0	False
四物汤	evidence_gated_vs_ungated_union	NFKB1	51	51	0	0	False
四物汤	evidence_gated_vs_ungated_union	NGF	52	52	0	0	False
四物汤	evidence_gated_vs_ungated_union	NLRP3	16	16	0	0	False
四物汤	evidence_gated_vs_ungated_union	NOS2	53	53	0	0	False
四物汤	evidence_gated_vs_ungated_union	NOS3	54	54	0	0	False
四物汤	evidence_gated_vs_ungated_union	PIK3R1	55	55	0	0	False
四物汤	evidence_gated_vs_ungated_union	PINK1	56	56	0	0	False
四物汤	evidence_gated_vs_ungated_union	PKM	13	13	0	0	False
四物汤	evidence_gated_vs_ungated_union	PPARG	57	57	0	0	False
四物汤	evidence_gated_vs_ungated_union	PTGS2	22	22	0	0	False
四物汤	evidence_gated_vs_ungated_union	SERPINE1	58	58	0	0	False
四物汤	evidence_gated_vs_ungated_union	SNCA	1	1	0	0	True
四物汤	evidence_gated_vs_ungated_union	SST	59	59	0	0	False
四物汤	evidence_gated_vs_ungated_union	STAT3	27	27	0	0	False
四物汤	evidence_gated_vs_ungated_union	TGFBR1	60	60	0	0	False
四物汤	evidence_gated_vs_ungated_union	TLR4	61	61	0	0	False
四物汤	evidence_gated_vs_ungated_union	TNF	15	15	0	0	False
四物汤	evidence_gated_vs_ungated_union	TP53	23	23	0	0	False
四物汤	evidence_gated_vs_ungated_union	TRPA1	14	14	0	0	False
四物汤	evidence_gated_vs_ungated_union	TXNIP	62	62	0	0	False
四物汤	evidence_gated_vs_ungated_union	VEGFA	63	63	0	0	False
四物汤	evidence_gated_vs_ungated_union	VHL	64	64	0	0	False
四物汤	evidence_gated_vs_ungated_union	VWF	65	65	0	0	False
四物汤	evidence_gated_vs_cutoff_chembl_measured_only	CA1	3	3	0	0	True
四物汤	evidence_gated_vs_cutoff_chembl_measured_only	CA12	9	9	0	0	True
四物汤	evidence_gated_vs_cutoff_chembl_measured_only	CA14	7	7	0	0	True
四物汤	evidence_gated_vs_cutoff_chembl_measured_only	CA2	2	2	0	0	True
四物汤	evidence_gated_vs_cutoff_chembl_measured_only	CA3	12	12	0	0	False
四物汤	evidence_gated_vs_cutoff_chembl_measured_only	CA4	11	11	0	0	False
四物汤	evidence_gated_vs_cutoff_chembl_measured_only	CA5A	4	4	0	0	True
四物汤	evidence_gated_vs_cutoff_chembl_measured_only	CA5B	10	10	0	0	True
四物汤	evidence_gated_vs_cutoff_chembl_measured_only	CA6	6	6	0	0	True
四物汤	evidence_gated_vs_cutoff_chembl_measured_only	CA7	5	5	0	0	True
四物汤	evidence_gated_vs_cutoff_chembl_measured_only	CA9	8	8	0	0	True
四物汤	evidence_gated_vs_cutoff_chembl_measured_only	PKM	13	13	0	0	False
四物汤	evidence_gated_vs_cutoff_chembl_measured_only	SNCA	1	1	0	0	True
四物汤	evidence_gated_vs_cutoff_chembl_measured_only	TRPA1	14	14	0	0	False
八珍汤	evidence_gated_vs_ungated_union	AKR1B1	13	13	0	0	False
八珍汤	evidence_gated_vs_ungated_union	APP	35	39	4	4	False
八珍汤	evidence_gated_vs_ungated_union	BACE1	37	41	4	4	False
八珍汤	evidence_gated_vs_ungated_union	CA1	20	24	4	4	False
八珍汤	evidence_gated_vs_ungated_union	CA12	29	33	4	4	False
八珍汤	evidence_gated_vs_ungated_union	CA14	27	31	4	4	False
八珍汤	evidence_gated_vs_ungated_union	CA2	18	22	4	4	False
八珍汤	evidence_gated_vs_ungated_union	CA3	32	36	4	4	False
八珍汤	evidence_gated_vs_ungated_union	CA4	31	35	4	4	False
八珍汤	evidence_gated_vs_ungated_union	CA5A	24	28	4	4	False
八珍汤	evidence_gated_vs_ungated_union	CA5B	30	34	4	4	False
八珍汤	evidence_gated_vs_ungated_union	CA6	26	30	4	4	False
八珍汤	evidence_gated_vs_ungated_union	CA7	25	29	4	4	False
八珍汤	evidence_gated_vs_ungated_union	CA9	28	32	4	4	False
八珍汤	evidence_gated_vs_ungated_union	CAT	42	16	-26	26	False
八珍汤	evidence_gated_vs_ungated_union	CHRNA7	33	37	4	4	False
八珍汤	evidence_gated_vs_ungated_union	CYP19A1	2	8	6	6	True
八珍汤	evidence_gated_vs_ungated_union	CYP1B1	21	25	4	4	False
八珍汤	evidence_gated_vs_ungated_union	EPO	43	17	-26	26	False
八珍汤	evidence_gated_vs_ungated_union	ESR1	17	21	4	4	False
八珍汤	evidence_gated_vs_ungated_union	ESR2	11	11	0	0	False
八珍汤	evidence_gated_vs_ungated_union	HDAC6	12	12	0	0	False
八珍汤	evidence_gated_vs_ungated_union	HMGB1	41	45	4	4	False
八珍汤	evidence_gated_vs_ungated_union	HSD11B1	1	1	0	0	True
八珍汤	evidence_gated_vs_ungated_union	HSD11B2	4	2	-2	2	True
八珍汤	evidence_gated_vs_ungated_union	HSD17B1	19	23	4	4	False
八珍汤	evidence_gated_vs_ungated_union	HSD17B2	14	14	0	0	False
八珍汤	evidence_gated_vs_ungated_union	IL2	23	27	4	4	False
八珍汤	evidence_gated_vs_ungated_union	MAOA	36	40	4	4	False
八珍汤	evidence_gated_vs_ungated_union	MAOB	3	9	6	6	True
八珍汤	evidence_gated_vs_ungated_union	MMP1	9	7	-2	2	True
八珍汤	evidence_gated_vs_ungated_union	MMP13	8	6	-2	2	True
八珍汤	evidence_gated_vs_ungated_union	MMP2	6	3	-3	3	True
八珍汤	evidence_gated_vs_ungated_union	MMP3	10	10	0	0	True
八珍汤	evidence_gated_vs_ungated_union	MMP7	5	4	-1	1	True
八珍汤	evidence_gated_vs_ungated_union	MMP9	7	5	-2	2	True
八珍汤	evidence_gated_vs_ungated_union	NLRP3	16	20	4	4	False
八珍汤	evidence_gated_vs_ungated_union	P4HB	38	42	4	4	False
八珍汤	evidence_gated_vs_ungated_union	PKM	34	38	4	4	False
八珍汤	evidence_gated_vs_ungated_union	PSMB5	22	26	4	4	False
八珍汤	evidence_gated_vs_ungated_union	SNCA	15	15	0	0	False
八珍汤	evidence_gated_vs_ungated_union	TDP1	40	44	4	4	False
八珍汤	evidence_gated_vs_ungated_union	TNF	44	18	-26	26	False
八珍汤	evidence_gated_vs_ungated_union	TRPA1	39	43	4	4	False
八珍汤	evidence_gated_vs_ungated_union	XIAP	45	19	-26	26	False
八珍汤	evidence_gated_vs_cutoff_chembl_measured_only	AKR1B1	13	11	-2	2	False
八珍汤	evidence_gated_vs_cutoff_chembl_measured_only	APP	35	35	0	0	False
八珍汤	evidence_gated_vs_cutoff_chembl_measured_only	BACE1	37	37	0	0	False
八珍汤	evidence_gated_vs_cutoff_chembl_measured_only	CA1	20	19	-1	1	False
八珍汤	evidence_gated_vs_cutoff_chembl_measured_only	CA12	29	29	0	0	False
八珍汤	evidence_gated_vs_cutoff_chembl_measured_only	CA14	27	27	0	0	False
八珍汤	evidence_gated_vs_cutoff_chembl_measured_only	CA2	18	17	-1	1	False
八珍汤	evidence_gated_vs_cutoff_chembl_measured_only	CA3	32	32	0	0	False
八珍汤	evidence_gated_vs_cutoff_chembl_measured_only	CA4	31	31	0	0	False
八珍汤	evidence_gated_vs_cutoff_chembl_measured_only	CA5A	24	23	-1	1	False
八珍汤	evidence_gated_vs_cutoff_chembl_measured_only	CA5B	30	30	0	0	False
八珍汤	evidence_gated_vs_cutoff_chembl_measured_only	CA6	26	26	0	0	False
八珍汤	evidence_gated_vs_cutoff_chembl_measured_only	CA7	25	25	0	0	False
八珍汤	evidence_gated_vs_cutoff_chembl_measured_only	CA9	28	28	0	0	False
八珍汤	evidence_gated_vs_cutoff_chembl_measured_only	CHRNA7	33	33	0	0	False
八珍汤	evidence_gated_vs_cutoff_chembl_measured_only	CYP19A1	2	15	13	13	False
八珍汤	evidence_gated_vs_cutoff_chembl_measured_only	CYP1B1	21	20	-1	1	False
八珍汤	evidence_gated_vs_cutoff_chembl_measured_only	ESR1	17	16	-1	1	False
八珍汤	evidence_gated_vs_cutoff_chembl_measured_only	ESR2	11	9	-2	2	False
八珍汤	evidence_gated_vs_cutoff_chembl_measured_only	HDAC6	12	10	-2	2	False
八珍汤	evidence_gated_vs_cutoff_chembl_measured_only	HMGB1	41	41	0	0	False
八珍汤	evidence_gated_vs_cutoff_chembl_measured_only	HSD11B1	1	2	1	1	True
八珍汤	evidence_gated_vs_cutoff_chembl_measured_only	HSD11B2	4	1	-3	3	True
八珍汤	evidence_gated_vs_cutoff_chembl_measured_only	HSD17B1	19	18	-1	1	False
八珍汤	evidence_gated_vs_cutoff_chembl_measured_only	HSD17B2	14	12	-2	2	False
八珍汤	evidence_gated_vs_cutoff_chembl_measured_only	IL2	23	22	-1	1	False
八珍汤	evidence_gated_vs_cutoff_chembl_measured_only	MAOA	36	36	0	0	False
八珍汤	evidence_gated_vs_cutoff_chembl_measured_only	MAOB	3	24	21	21	False
八珍汤	evidence_gated_vs_cutoff_chembl_measured_only	MMP1	9	7	-2	2	True
八珍汤	evidence_gated_vs_cutoff_chembl_measured_only	MMP13	8	6	-2	2	True
八珍汤	evidence_gated_vs_cutoff_chembl_measured_only	MMP2	6	4	-2	2	True
八珍汤	evidence_gated_vs_cutoff_chembl_measured_only	MMP3	10	8	-2	2	True
八珍汤	evidence_gated_vs_cutoff_chembl_measured_only	MMP7	5	3	-2	2	True
八珍汤	evidence_gated_vs_cutoff_chembl_measured_only	MMP9	7	5	-2	2	True
八珍汤	evidence_gated_vs_cutoff_chembl_measured_only	NLRP3	16	14	-2	2	False
八珍汤	evidence_gated_vs_cutoff_chembl_measured_only	P4HB	38	38	0	0	False
八珍汤	evidence_gated_vs_cutoff_chembl_measured_only	PKM	34	34	0	0	False
八珍汤	evidence_gated_vs_cutoff_chembl_measured_only	PSMB5	22	21	-1	1	False
八珍汤	evidence_gated_vs_cutoff_chembl_measured_only	SNCA	15	13	-2	2	False
八珍汤	evidence_gated_vs_cutoff_chembl_measured_only	TDP1	40	40	0	0	False
八珍汤	evidence_gated_vs_cutoff_chembl_measured_only	TRPA1	39	39	0	0	False
六味地黄丸	evidence_gated_vs_ungated_union	AKT1	5	4	-1	1	True
六味地黄丸	evidence_gated_vs_ungated_union	ASB1	6	5	-1	1	True
六味地黄丸	evidence_gated_vs_ungated_union	BMP2	7	6	-1	1	True
六味地黄丸	evidence_gated_vs_ungated_union	BMP4	8	7	-1	1	True
六味地黄丸	evidence_gated_vs_ungated_union	C3	9	8	-1	1	True
六味地黄丸	evidence_gated_vs_ungated_union	CCL2	10	9	-1	1	True
六味地黄丸	evidence_gated_vs_ungated_union	CES2	3	47	44	44	False
六味地黄丸	evidence_gated_vs_ungated_union	CLCF1	11	10	-1	1	False
六味地黄丸	evidence_gated_vs_ungated_union	CTNNB1	12	11	-1	1	False
六味地黄丸	evidence_gated_vs_ungated_union	CXCL8	13	12	-1	1	False
六味地黄丸	evidence_gated_vs_ungated_union	DUSP6	14	13	-1	1	False
六味地黄丸	evidence_gated_vs_ungated_union	EGF	15	14	-1	1	False
六味地黄丸	evidence_gated_vs_ungated_union	ESR1	16	15	-1	1	False
六味地黄丸	evidence_gated_vs_ungated_union	FABP4	17	16	-1	1	False
六味地黄丸	evidence_gated_vs_ungated_union	FOS	18	17	-1	1	False
六味地黄丸	evidence_gated_vs_ungated_union	HGF	19	18	-1	1	False
六味地黄丸	evidence_gated_vs_ungated_union	HOXA13	20	19	-1	1	False
六味地黄丸	evidence_gated_vs_ungated_union	IGF1	4	3	-1	1	True
六味地黄丸	evidence_gated_vs_ungated_union	IL10	21	20	-1	1	False
六味地黄丸	evidence_gated_vs_ungated_union	IL1B	22	21	-1	1	False
六味地黄丸	evidence_gated_vs_ungated_union	IL6	23	22	-1	1	False
六味地黄丸	evidence_gated_vs_ungated_union	INS	24	23	-1	1	False
六味地黄丸	evidence_gated_vs_ungated_union	JAK2	25	24	-1	1	False
六味地黄丸	evidence_gated_vs_ungated_union	JUN	26	25	-1	1	False
六味地黄丸	evidence_gated_vs_ungated_union	KDM7A	27	26	-1	1	False
六味地黄丸	evidence_gated_vs_ungated_union	KY	28	27	-1	1	False
六味地黄丸	evidence_gated_vs_ungated_union	LEP	29	28	-1	1	False
六味地黄丸	evidence_gated_vs_ungated_union	LPL	30	29	-1	1	False
六味地黄丸	evidence_gated_vs_ungated_union	MAPK1	31	30	-1	1	False
六味地黄丸	evidence_gated_vs_ungated_union	MAPK3	32	31	-1	1	False
六味地黄丸	evidence_gated_vs_ungated_union	MMP9	33	32	-1	1	False
六味地黄丸	evidence_gated_vs_ungated_union	NCOA3	34	33	-1	1	False
六味地黄丸	evidence_gated_vs_ungated_union	NR1H4	2	2	0	0	True
六味地黄丸	evidence_gated_vs_ungated_union	PELI2	35	34	-1	1	False
六味地黄丸	evidence_gated_vs_ungated_union	PPARG	36	35	-1	1	False
六味地黄丸	evidence_gated_vs_ungated_union	PRKCB	37	36	-1	1	False
六味地黄丸	evidence_gated_vs_ungated_union	PROK2	38	37	-1	1	False
六味地黄丸	evidence_gated_vs_ungated_union	PTGS2	39	38	-1	1	False
六味地黄丸	evidence_gated_vs_ungated_union	RUNX2	40	39	-1	1	False
六味地黄丸	evidence_gated_vs_ungated_union	SMAD2	41	40	-1	1	False
六味地黄丸	evidence_gated_vs_ungated_union	SMAD3	42	41	-1	1	False
六味地黄丸	evidence_gated_vs_ungated_union	SPP1	43	42	-1	1	False
六味地黄丸	evidence_gated_vs_ungated_union	STAT3	1	1	0	0	True
六味地黄丸	evidence_gated_vs_ungated_union	STX7	44	43	-1	1	False
六味地黄丸	evidence_gated_vs_ungated_union	TCF4	45	44	-1	1	False
六味地黄丸	evidence_gated_vs_ungated_union	TNF	46	45	-1	1	False
六味地黄丸	evidence_gated_vs_ungated_union	TP53	47	46	-1	1	False
六味地黄丸	evidence_gated_vs_cutoff_chembl_measured_only	CES2	3	3	0	0	True
六味地黄丸	evidence_gated_vs_cutoff_chembl_measured_only	NR1H4	2	2	0	0	True
六味地黄丸	evidence_gated_vs_cutoff_chembl_measured_only	STAT3	1	1	0	0	True
逍遥散	evidence_gated_vs_ungated_union	ABCA1	53	52	-1	1	False
逍遥散	evidence_gated_vs_ungated_union	ACSL4	61	61	0	0	False
逍遥散	evidence_gated_vs_ungated_union	AKR1B1	15	17	2	2	False
逍遥散	evidence_gated_vs_ungated_union	AKT1	62	62	0	0	False
逍遥散	evidence_gated_vs_ungated_union	APP	40	43	3	3	False
逍遥散	evidence_gated_vs_ungated_union	AR	63	63	0	0	False
逍遥散	evidence_gated_vs_ungated_union	ARC	54	53	-1	1	False
逍遥散	evidence_gated_vs_ungated_union	BACE1	43	48	5	5	False
逍遥散	evidence_gated_vs_ungated_union	BDNF	48	20	-28	28	False
逍遥散	evidence_gated_vs_ungated_union	CA1	3	3	0	0	True
逍遥散	evidence_gated_vs_ungated_union	CA12	30	35	5	5	False
逍遥散	evidence_gated_vs_ungated_union	CA14	28	33	5	5	False
逍遥散	evidence_gated_vs_ungated_union	CA2	19	22	3	3	False
逍遥散	evidence_gated_vs_ungated_union	CA3	31	13	-18	18	False
逍遥散	evidence_gated_vs_ungated_union	CA4	34	37	3	3	False
逍遥散	evidence_gated_vs_ungated_union	CA5A	25	29	4	4	False
逍遥散	evidence_gated_vs_ungated_union	CA5B	33	36	3	3	False
逍遥散	evidence_gated_vs_ungated_union	CA6	27	32	5	5	False
逍遥散	evidence_gated_vs_ungated_union	CA7	26	30	4	4	False
逍遥散	evidence_gated_vs_ungated_union	CA9	29	34	5	5	False
逍遥散	evidence_gated_vs_ungated_union	CD36	64	64	0	0	False
逍遥散	evidence_gated_vs_ungated_union	CDK6	65	65	0	0	False
逍遥散	evidence_gated_vs_ungated_union	CEBPA	66	66	0	0	False
逍遥散	evidence_gated_vs_ungated_union	CHRNA7	36	39	3	3	False
逍遥散	evidence_gated_vs_ungated_union	CNP	67	67	0	0	False
逍遥散	evidence_gated_vs_ungated_union	CORT	49	25	-24	24	False
逍遥散	evidence_gated_vs_ungated_union	CRH	68	68	0	0	False
逍遥散	evidence_gated_vs_ungated_union	CRHR2	69	69	0	0	False
逍遥散	evidence_gated_vs_ungated_union	CSF1	70	70	0	0	False
逍遥散	evidence_gated_vs_ungated_union	CYP19A1	1	2	1	1	True
逍遥散	evidence_gated_vs_ungated_union	CYP1A2	39	42	3	3	False
逍遥散	evidence_gated_vs_ungated_union	CYP1B1	22	26	4	4	False
逍遥散	evidence_gated_vs_ungated_union	CYP2B6	45	50	5	5	False
逍遥散	evidence_gated_vs_ungated_union	CYP2C19	35	38	3	3	False
逍遥散	evidence_gated_vs_ungated_union	CYP2C9	38	41	3	3	False
逍遥散	evidence_gated_vs_ungated_union	CYP3A4	41	46	5	5	False
逍遥散	evidence_gated_vs_ungated_union	DCX	71	71	0	0	False
逍遥散	evidence_gated_vs_ungated_union	DRD2	72	72	0	0	False
逍遥散	evidence_gated_vs_ungated_union	EGFR	73	73	0	0	False
逍遥散	evidence_gated_vs_ungated_union	ESR1	18	21	3	3	False
逍遥散	evidence_gated_vs_ungated_union	ESR2	13	14	1	1	False
逍遥散	evidence_gated_vs_ungated_union	FADD	74	74	0	0	False
逍遥散	evidence_gated_vs_ungated_union	FTH1	75	75	0	0	False
逍遥散	evidence_gated_vs_ungated_union	GABRA1	76	76	0	0	False
逍遥散	evidence_gated_vs_ungated_union	GDNF	77	77	0	0	False
逍遥散	evidence_gated_vs_ungated_union	GFAP	50	31	-19	19	False
逍遥散	evidence_gated_vs_ungated_union	GPX4	78	78	0	0	False
逍遥散	evidence_gated_vs_ungated_union	HDAC6	14	16	2	2	False
逍遥散	evidence_gated_vs_ungated_union	HMGB1	47	60	13	13	False
逍遥散	evidence_gated_vs_ungated_union	HSD11B1	4	1	-3	3	True
逍遥散	evidence_gated_vs_ungated_union	HSD11B2	6	4	-2	2	True
逍遥散	evidence_gated_vs_ungated_union	HSD17B1	20	23	3	3	False
逍遥散	evidence_gated_vs_ungated_union	HSD17B2	16	18	2	2	False
逍遥散	evidence_gated_vs_ungated_union	IL2	24	28	4	4	False
逍遥散	evidence_gated_vs_ungated_union	IL6	79	79	0	0	False
逍遥散	evidence_gated_vs_ungated_union	IL7R	80	80	0	0	False
逍遥散	evidence_gated_vs_ungated_union	IRAK1	81	81	0	0	False
逍遥散	evidence_gated_vs_ungated_union	JAK2	82	82	0	0	False
逍遥散	evidence_gated_vs_ungated_union	JUN	83	83	0	0	False
逍遥散	evidence_gated_vs_ungated_union	KMO	84	84	0	0	False
逍遥散	evidence_gated_vs_ungated_union	MAOA	42	47	5	5	False
逍遥散	evidence_gated_vs_ungated_union	MAOB	5	11	6	6	False
逍遥散	evidence_gated_vs_ungated_union	MAP2	85	85	0	0	False
逍遥散	evidence_gated_vs_ungated_union	MAPK1	86	86	0	0	False
逍遥散	evidence_gated_vs_ungated_union	MC4R	87	87	0	0	False
逍遥散	evidence_gated_vs_ungated_union	MLKL	88	88	0	0	False
逍遥散	evidence_gated_vs_ungated_union	MMP1	11	10	-1	1	False
逍遥散	evidence_gated_vs_ungated_union	MMP13	10	9	-1	1	True
逍遥散	evidence_gated_vs_ungated_union	MMP2	8	5	-3	3	True
逍遥散	evidence_gated_vs_ungated_union	MMP3	12	12	0	0	False
逍遥散	evidence_gated_vs_ungated_union	MMP7	7	6	-1	1	True
逍遥散	evidence_gated_vs_ungated_union	MMP9	9	7	-2	2	True
逍遥散	evidence_gated_vs_ungated_union	NGF	89	89	0	0	False
逍遥散	evidence_gated_vs_ungated_union	NLRP3	2	8	6	6	True
逍遥散	evidence_gated_vs_ungated_union	NPY	90	90	0	0	False
逍遥散	evidence_gated_vs_ungated_union	NR3C1	91	91	0	0	False
逍遥散	evidence_gated_vs_ungated_union	NSF	55	54	-1	1	False
逍遥散	evidence_gated_vs_ungated_union	P4HB	44	49	5	5	False
逍遥散	evidence_gated_vs_ungated_union	PEBP1	92	92	0	0	False
逍遥散	evidence_gated_vs_ungated_union	PICK1	56	55	-1	1	False
逍遥散	evidence_gated_vs_ungated_union	PKM	37	40	3	3	False
逍遥散	evidence_gated_vs_ungated_union	POMC	57	56	-1	1	False
逍遥散	evidence_gated_vs_ungated_union	PSD	93	93	0	0	False
逍遥散	evidence_gated_vs_ungated_union	PSMB5	23	27	4	4	False
逍遥散	evidence_gated_vs_ungated_union	PTEN	94	94	0	0	False
逍遥散	evidence_gated_vs_ungated_union	RIPK1	95	95	0	0	False
逍遥散	evidence_gated_vs_ungated_union	RIPK3	96	96	0	0	False
逍遥散	evidence_gated_vs_ungated_union	SNCA	17	19	2	2	False
逍遥散	evidence_gated_vs_ungated_union	STAT3	51	44	-7	7	False
逍遥散	evidence_gated_vs_ungated_union	SYP	58	57	-1	1	False
逍遥散	evidence_gated_vs_ungated_union	TDP1	46	51	5	5	False
逍遥散	evidence_gated_vs_ungated_union	TLR4	59	58	-1	1	False
逍遥散	evidence_gated_vs_ungated_union	TNF	52	45	-7	7	False
逍遥散	evidence_gated_vs_ungated_union	TP53	60	59	-1	1	False
逍遥散	evidence_gated_vs_ungated_union	TRAF6	97	97	0	0	False
逍遥散	evidence_gated_vs_ungated_union	TRPA1	32	15	-17	17	False
逍遥散	evidence_gated_vs_ungated_union	TRPM8	21	24	3	3	False
逍遥散	evidence_gated_vs_ungated_union	VEGFA	98	98	0	0	False
逍遥散	evidence_gated_vs_cutoff_chembl_measured_only	AKR1B1	15	11	-4	4	False
逍遥散	evidence_gated_vs_cutoff_chembl_measured_only	APP	40	39	-1	1	False
逍遥散	evidence_gated_vs_cutoff_chembl_measured_only	BACE1	43	43	0	0	False
逍遥散	evidence_gated_vs_cutoff_chembl_measured_only	CA1	3	19	16	16	False
逍遥散	evidence_gated_vs_cutoff_chembl_measured_only	CA12	30	30	0	0	False
逍遥散	evidence_gated_vs_cutoff_chembl_measured_only	CA14	28	28	0	0	False
逍遥散	evidence_gated_vs_cutoff_chembl_measured_only	CA2	19	17	-2	2	False
逍遥散	evidence_gated_vs_cutoff_chembl_measured_only	CA3	31	33	2	2	False
逍遥散	evidence_gated_vs_cutoff_chembl_measured_only	CA4	34	32	-2	2	False
逍遥散	evidence_gated_vs_cutoff_chembl_measured_only	CA5A	25	24	-1	1	False
逍遥散	evidence_gated_vs_cutoff_chembl_measured_only	CA5B	33	31	-2	2	False
逍遥散	evidence_gated_vs_cutoff_chembl_measured_only	CA6	27	27	0	0	False
逍遥散	evidence_gated_vs_cutoff_chembl_measured_only	CA7	26	26	0	0	False
逍遥散	evidence_gated_vs_cutoff_chembl_measured_only	CA9	29	29	0	0	False
逍遥散	evidence_gated_vs_cutoff_chembl_measured_only	CHRNA7	36	35	-1	1	False
逍遥散	evidence_gated_vs_cutoff_chembl_measured_only	CYP19A1	1	15	14	14	False
逍遥散	evidence_gated_vs_cutoff_chembl_measured_only	CYP1A2	39	38	-1	1	False
逍遥散	evidence_gated_vs_cutoff_chembl_measured_only	CYP1B1	22	21	-1	1	False
逍遥散	evidence_gated_vs_cutoff_chembl_measured_only	CYP2B6	45	45	0	0	False
逍遥散	evidence_gated_vs_cutoff_chembl_measured_only	CYP2C19	35	34	-1	1	False
逍遥散	evidence_gated_vs_cutoff_chembl_measured_only	CYP2C9	38	37	-1	1	False
逍遥散	evidence_gated_vs_cutoff_chembl_measured_only	CYP3A4	41	40	-1	1	False
逍遥散	evidence_gated_vs_cutoff_chembl_measured_only	ESR1	18	16	-2	2	False
逍遥散	evidence_gated_vs_cutoff_chembl_measured_only	ESR2	13	9	-4	4	False
逍遥散	evidence_gated_vs_cutoff_chembl_measured_only	HDAC6	14	10	-4	4	False
逍遥散	evidence_gated_vs_cutoff_chembl_measured_only	HMGB1	47	47	0	0	False
逍遥散	evidence_gated_vs_cutoff_chembl_measured_only	HSD11B1	4	2	-2	2	True
逍遥散	evidence_gated_vs_cutoff_chembl_measured_only	HSD11B2	6	1	-5	5	True
逍遥散	evidence_gated_vs_cutoff_chembl_measured_only	HSD17B1	20	18	-2	2	False
逍遥散	evidence_gated_vs_cutoff_chembl_measured_only	HSD17B2	16	12	-4	4	False
逍遥散	evidence_gated_vs_cutoff_chembl_measured_only	IL2	24	23	-1	1	False
逍遥散	evidence_gated_vs_cutoff_chembl_measured_only	MAOA	42	42	0	0	False
逍遥散	evidence_gated_vs_cutoff_chembl_measured_only	MAOB	5	25	20	20	False
逍遥散	evidence_gated_vs_cutoff_chembl_measured_only	MMP1	11	7	-4	4	False
逍遥散	evidence_gated_vs_cutoff_chembl_measured_only	MMP13	10	6	-4	4	True
逍遥散	evidence_gated_vs_cutoff_chembl_measured_only	MMP2	8	4	-4	4	True
逍遥散	evidence_gated_vs_cutoff_chembl_measured_only	MMP3	12	8	-4	4	False
逍遥散	evidence_gated_vs_cutoff_chembl_measured_only	MMP7	7	3	-4	4	True
逍遥散	evidence_gated_vs_cutoff_chembl_measured_only	MMP9	9	5	-4	4	True
逍遥散	evidence_gated_vs_cutoff_chembl_measured_only	NLRP3	2	14	12	12	False
逍遥散	evidence_gated_vs_cutoff_chembl_measured_only	P4HB	44	44	0	0	False
逍遥散	evidence_gated_vs_cutoff_chembl_measured_only	PKM	37	36	-1	1	False
逍遥散	evidence_gated_vs_cutoff_chembl_measured_only	PSMB5	23	22	-1	1	False
逍遥散	evidence_gated_vs_cutoff_chembl_measured_only	SNCA	17	13	-4	4	False
逍遥散	evidence_gated_vs_cutoff_chembl_measured_only	TDP1	46	46	0	0	False
逍遥散	evidence_gated_vs_cutoff_chembl_measured_only	TRPA1	32	41	9	9	False
逍遥散	evidence_gated_vs_cutoff_chembl_measured_only	TRPM8	21	20	-1	1	False
补中益气汤	evidence_gated_vs_ungated_union	ABCB1	32	15	-17	17	False
补中益气汤	evidence_gated_vs_ungated_union	ABCG2	6	12	6	6	False
补中益气汤	evidence_gated_vs_ungated_union	AKR1B1	17	18	1	1	False
补中益气汤	evidence_gated_vs_ungated_union	APP	38	45	7	7	False
补中益气汤	evidence_gated_vs_ungated_union	BACE1	40	47	7	7	False
补中益气汤	evidence_gated_vs_ungated_union	CA1	23	31	8	8	False
补中益气汤	evidence_gated_vs_ungated_union	CA12	31	39	8	8	False
补中益气汤	evidence_gated_vs_ungated_union	CA14	29	37	8	8	False
补中益气汤	evidence_gated_vs_ungated_union	CA2	21	29	8	8	False
补中益气汤	evidence_gated_vs_ungated_union	CA3	35	42	7	7	False
补中益气汤	evidence_gated_vs_ungated_union	CA4	34	41	7	7	False
补中益气汤	evidence_gated_vs_ungated_union	CA5A	26	34	8	8	False
补中益气汤	evidence_gated_vs_ungated_union	CA5B	33	40	7	7	False
补中益气汤	evidence_gated_vs_ungated_union	CA6	28	36	8	8	False
补中益气汤	evidence_gated_vs_ungated_union	CA7	27	35	8	8	False
补中益气汤	evidence_gated_vs_ungated_union	CA9	30	38	8	8	False
补中益气汤	evidence_gated_vs_ungated_union	CALM1	44	51	7	7	False
补中益气汤	evidence_gated_vs_ungated_union	CD28	47	21	-26	26	False
补中益气汤	evidence_gated_vs_ungated_union	CHRNA7	36	43	7	7	False
补中益气汤	evidence_gated_vs_ungated_union	CYP19A1	5	11	6	6	False
补中益气汤	evidence_gated_vs_ungated_union	CYP1B1	24	32	8	8	False
补中益气汤	evidence_gated_vs_ungated_union	EPO	48	22	-26	26	False
补中益气汤	evidence_gated_vs_ungated_union	EPOR	49	23	-26	26	False
补中益气汤	evidence_gated_vs_ungated_union	ESR1	1	2	1	1	True
补中益气汤	evidence_gated_vs_ungated_union	ESR2	15	16	1	1	False
补中益气汤	evidence_gated_vs_ungated_union	GSK3B	46	53	7	7	False
补中益气汤	evidence_gated_vs_ungated_union	HDAC6	16	17	1	1	False
补中益气汤	evidence_gated_vs_ungated_union	HMGB1	45	52	7	7	False
补中益气汤	evidence_gated_vs_ungated_union	HSD11B1	2	1	-1	1	True
补中益气汤	evidence_gated_vs_ungated_union	HSD11B2	8	5	-3	3	True
补中益气汤	evidence_gated_vs_ungated_union	HSD17B1	22	30	8	8	False
补中益气汤	evidence_gated_vs_ungated_union	HSD17B2	18	19	1	1	False
补中益气汤	evidence_gated_vs_ungated_union	IL2	3	3	0	0	True
补中益气汤	evidence_gated_vs_ungated_union	KDM1A	37	44	7	7	False
补中益气汤	evidence_gated_vs_ungated_union	MAOA	39	46	7	7	False
补中益气汤	evidence_gated_vs_ungated_union	MAOB	7	13	6	6	False
补中益气汤	evidence_gated_vs_ungated_union	MMP1	13	10	-3	3	False
补中益气汤	evidence_gated_vs_ungated_union	MMP13	12	9	-3	3	False
补中益气汤	evidence_gated_vs_ungated_union	MMP2	10	6	-4	4	True
补中益气汤	evidence_gated_vs_ungated_union	MMP3	14	14	0	0	False
补中益气汤	evidence_gated_vs_ungated_union	MMP7	9	7	-2	2	True
补中益气汤	evidence_gated_vs_ungated_union	MMP9	11	8	-3	3	False
补中益气汤	evidence_gated_vs_ungated_union	NLRP3	20	28	8	8	False
补中益气汤	evidence_gated_vs_ungated_union	NR3C1	50	24	-26	26	False
补中益气汤	evidence_gated_vs_ungated_union	P4HB	41	48	7	7	False
补中益气汤	evidence_gated_vs_ungated_union	PKM	4	4	0	0	True
补中益气汤	evidence_gated_vs_ungated_union	PSMB5	25	33	8	8	False
补中益气汤	evidence_gated_vs_ungated_union	PTGS2	51	25	-26	26	False
补中益气汤	evidence_gated_vs_ungated_union	SNCA	19	20	1	1	False
补中益气汤	evidence_gated_vs_ungated_union	TDP1	43	50	7	7	False
补中益气汤	evidence_gated_vs_ungated_union	TP53	52	26	-26	26	False
补中益气汤	evidence_gated_vs_ungated_union	TPO	53	27	-26	26	False
补中益气汤	evidence_gated_vs_ungated_union	TRPA1	42	49	7	7	False
补中益气汤	evidence_gated_vs_cutoff_chembl_measured_only	ABCB1	32	35	3	3	False
补中益气汤	evidence_gated_vs_cutoff_chembl_measured_only	ABCG2	6	23	17	17	False
补中益气汤	evidence_gated_vs_cutoff_chembl_measured_only	AKR1B1	17	12	-5	5	False
补中益气汤	evidence_gated_vs_cutoff_chembl_measured_only	APP	38	38	0	0	False
补中益气汤	evidence_gated_vs_cutoff_chembl_measured_only	BACE1	40	40	0	0	False
补中益气汤	evidence_gated_vs_cutoff_chembl_measured_only	CA1	23	21	-2	2	False
补中益气汤	evidence_gated_vs_cutoff_chembl_measured_only	CA12	31	31	0	0	False
补中益气汤	evidence_gated_vs_cutoff_chembl_measured_only	CA14	29	29	0	0	False
补中益气汤	evidence_gated_vs_cutoff_chembl_measured_only	CA2	21	19	-2	2	False
补中益气汤	evidence_gated_vs_cutoff_chembl_measured_only	CA3	35	34	-1	1	False
补中益气汤	evidence_gated_vs_cutoff_chembl_measured_only	CA4	34	33	-1	1	False
补中益气汤	evidence_gated_vs_cutoff_chembl_measured_only	CA5A	26	25	-1	1	False
补中益气汤	evidence_gated_vs_cutoff_chembl_measured_only	CA5B	33	32	-1	1	False
补中益气汤	evidence_gated_vs_cutoff_chembl_measured_only	CA6	28	28	0	0	False
补中益气汤	evidence_gated_vs_cutoff_chembl_measured_only	CA7	27	27	0	0	False
补中益气汤	evidence_gated_vs_cutoff_chembl_measured_only	CA9	30	30	0	0	False
补中益气汤	evidence_gated_vs_cutoff_chembl_measured_only	CALM1	44	44	0	0	False
补中益气汤	evidence_gated_vs_cutoff_chembl_measured_only	CHRNA7	36	36	0	0	False
补中益气汤	evidence_gated_vs_cutoff_chembl_measured_only	CYP19A1	5	17	12	12	False
补中益气汤	evidence_gated_vs_cutoff_chembl_measured_only	CYP1B1	24	22	-2	2	False
补中益气汤	evidence_gated_vs_cutoff_chembl_measured_only	ESR1	1	18	17	17	False
补中益气汤	evidence_gated_vs_cutoff_chembl_measured_only	ESR2	15	10	-5	5	False
补中益气汤	evidence_gated_vs_cutoff_chembl_measured_only	GSK3B	46	46	0	0	False
补中益气汤	evidence_gated_vs_cutoff_chembl_measured_only	HDAC6	16	11	-5	5	False
补中益气汤	evidence_gated_vs_cutoff_chembl_measured_only	HMGB1	45	45	0	0	False
补中益气汤	evidence_gated_vs_cutoff_chembl_measured_only	HSD11B1	2	2	0	0	True
补中益气汤	evidence_gated_vs_cutoff_chembl_measured_only	HSD11B2	8	1	-7	7	True
补中益气汤	evidence_gated_vs_cutoff_chembl_measured_only	HSD17B1	22	20	-2	2	False
补中益气汤	evidence_gated_vs_cutoff_chembl_measured_only	HSD17B2	18	13	-5	5	False
补中益气汤	evidence_gated_vs_cutoff_chembl_measured_only	IL2	3	9	6	6	True
补中益气汤	evidence_gated_vs_cutoff_chembl_measured_only	KDM1A	37	37	0	0	False
补中益气汤	evidence_gated_vs_cutoff_chembl_measured_only	MAOA	39	39	0	0	False
补中益气汤	evidence_gated_vs_cutoff_chembl_measured_only	MAOB	7	26	19	19	False
补中益气汤	evidence_gated_vs_cutoff_chembl_measured_only	MMP1	13	7	-6	6	False
补中益气汤	evidence_gated_vs_cutoff_chembl_measured_only	MMP13	12	6	-6	6	False
补中益气汤	evidence_gated_vs_cutoff_chembl_measured_only	MMP2	10	4	-6	6	True
补中益气汤	evidence_gated_vs_cutoff_chembl_measured_only	MMP3	14	8	-6	6	False
补中益气汤	evidence_gated_vs_cutoff_chembl_measured_only	MMP7	9	3	-6	6	True
补中益气汤	evidence_gated_vs_cutoff_chembl_measured_only	MMP9	11	5	-6	6	False
补中益气汤	evidence_gated_vs_cutoff_chembl_measured_only	NLRP3	20	16	-4	4	False
补中益气汤	evidence_gated_vs_cutoff_chembl_measured_only	P4HB	41	41	0	0	False
补中益气汤	evidence_gated_vs_cutoff_chembl_measured_only	PKM	4	15	11	11	False
补中益气汤	evidence_gated_vs_cutoff_chembl_measured_only	PSMB5	25	24	-1	1	False
补中益气汤	evidence_gated_vs_cutoff_chembl_measured_only	SNCA	19	14	-5	5	False
补中益气汤	evidence_gated_vs_cutoff_chembl_measured_only	TDP1	43	43	0	0	False
补中益气汤	evidence_gated_vs_cutoff_chembl_measured_only	TRPA1	42	42	0	0	False
桂枝汤	evidence_gated_vs_ungated_union	ADCY5	54	54	0	0	False
桂枝汤	evidence_gated_vs_ungated_union	AHCY	55	55	0	0	False
桂枝汤	evidence_gated_vs_ungated_union	AKR1B1	4	2	-2	2	True
桂枝汤	evidence_gated_vs_ungated_union	AKR1B10	21	22	1	1	False
桂枝汤	evidence_gated_vs_ungated_union	ALB	17	17	0	0	False
桂枝汤	evidence_gated_vs_ungated_union	ALOX5	38	43	5	5	False
桂枝汤	evidence_gated_vs_ungated_union	APP	32	37	5	5	False
桂枝汤	evidence_gated_vs_ungated_union	BACE1	36	41	5	5	False
桂枝汤	evidence_gated_vs_ungated_union	BDKRB2	56	56	0	0	False
桂枝汤	evidence_gated_vs_ungated_union	CCL2	57	57	0	0	False
桂枝汤	evidence_gated_vs_ungated_union	CD14	58	58	0	0	False
桂枝汤	evidence_gated_vs_ungated_union	CHAT	49	47	-2	2	False
桂枝汤	evidence_gated_vs_ungated_union	CHRNA7	29	31	2	2	False
桂枝汤	evidence_gated_vs_ungated_union	CNTF	50	48	-2	2	False
桂枝汤	evidence_gated_vs_ungated_union	CRP	51	49	-2	2	False
桂枝汤	evidence_gated_vs_ungated_union	CYP19A1	5	10	5	5	True
桂枝汤	evidence_gated_vs_ungated_union	CYP1A2	31	36	5	5	False
桂枝汤	evidence_gated_vs_ungated_union	CYP1B1	23	25	2	2	False
桂枝汤	evidence_gated_vs_ungated_union	CYP2B6	40	45	5	5	False
桂枝汤	evidence_gated_vs_ungated_union	CYP2C19	28	30	2	2	False
桂枝汤	evidence_gated_vs_ungated_union	CYP2C9	30	32	2	2	False
桂枝汤	evidence_gated_vs_ungated_union	CYP3A4	33	38	5	5	False
桂枝汤	evidence_gated_vs_ungated_union	DCX	59	59	0	0	False
桂枝汤	evidence_gated_vs_ungated_union	DPP4	42	52	10	10	False
桂枝汤	evidence_gated_vs_ungated_union	EGF	60	60	0	0	False
桂枝汤	evidence_gated_vs_ungated_union	EPO	61	61	0	0	False
桂枝汤	evidence_gated_vs_ungated_union	ESR1	20	21	1	1	False
桂枝汤	evidence_gated_vs_ungated_union	ESR2	14	14	0	0	False
桂枝汤	evidence_gated_vs_ungated_union	GAP43	62	62	0	0	False
桂枝汤	evidence_gated_vs_ungated_union	GCLC	63	63	0	0	False
桂枝汤	evidence_gated_vs_ungated_union	GCLM	64	64	0	0	False
桂枝汤	evidence_gated_vs_ungated_union	GFAP	52	50	-2	2	False
桂枝汤	evidence_gated_vs_ungated_union	GLI1	35	40	5	5	False
桂枝汤	evidence_gated_vs_ungated_union	GPBAR1	18	19	1	1	False
桂枝汤	evidence_gated_vs_ungated_union	GSDMD	65	65	0	0	False
桂枝汤	evidence_gated_vs_ungated_union	HCAR2	24	26	2	2	False
桂枝汤	evidence_gated_vs_ungated_union	HDAC6	15	15	0	0	False
桂枝汤	evidence_gated_vs_ungated_union	HMGB1	43	53	10	10	False
桂枝汤	evidence_gated_vs_ungated_union	HSD11B1	3	1	-2	2	True
桂枝汤	evidence_gated_vs_ungated_union	HSD11B2	7	4	-3	3	True
桂枝汤	evidence_gated_vs_ungated_union	HSD17B1	22	24	2	2	False
桂枝汤	evidence_gated_vs_ungated_union	HSD17B2	16	16	0	0	False
桂枝汤	evidence_gated_vs_ungated_union	IL10	66	66	0	0	False
桂枝汤	evidence_gated_vs_ungated_union	IL2	2	13	11	11	False
桂枝汤	evidence_gated_vs_ungated_union	LIF	67	67	0	0	False
桂枝汤	evidence_gated_vs_ungated_union	MAOA	34	39	5	5	False
桂枝汤	evidence_gated_vs_ungated_union	MAOB	6	11	5	5	False
桂枝汤	evidence_gated_vs_ungated_union	MAPK1	68	68	0	0	False
桂枝汤	evidence_gated_vs_ungated_union	MIP	69	69	0	0	False
桂枝汤	evidence_gated_vs_ungated_union	MMP1	12	9	-3	3	False
桂枝汤	evidence_gated_vs_ungated_union	MMP13	11	8	-3	3	False
桂枝汤	evidence_gated_vs_ungated_union	MMP2	9	5	-4	4	True
桂枝汤	evidence_gated_vs_ungated_union	MMP3	13	12	-1	1	False
桂枝汤	evidence_gated_vs_ungated_union	MMP7	8	6	-2	2	True
桂枝汤	evidence_gated_vs_ungated_union	MMP9	10	7	-3	3	True
桂枝汤	evidence_gated_vs_ungated_union	NGF	46	33	-13	13	False
桂枝汤	evidence_gated_vs_ungated_union	NLRP3	1	3	2	2	True
桂枝汤	evidence_gated_vs_ungated_union	NOS3	70	70	0	0	False
桂枝汤	evidence_gated_vs_ungated_union	NQO1	71	71	0	0	False
桂枝汤	evidence_gated_vs_ungated_union	NT5E	27	29	2	2	False
桂枝汤	evidence_gated_vs_ungated_union	P4HB	39	44	5	5	False
桂枝汤	evidence_gated_vs_ungated_union	POLB	37	42	5	5	False
桂枝汤	evidence_gated_vs_ungated_union	PRDM16	72	72	0	0	False
桂枝汤	evidence_gated_vs_ungated_union	PSMB5	25	27	2	2	False
桂枝汤	evidence_gated_vs_ungated_union	PTGS2	73	73	0	0	False
桂枝汤	evidence_gated_vs_ungated_union	PTPN1	19	20	1	1	False
桂枝汤	evidence_gated_vs_ungated_union	RPL3	74	74	0	0	False
桂枝汤	evidence_gated_vs_ungated_union	SIRT1	75	75	0	0	False
桂枝汤	evidence_gated_vs_ungated_union	SMAD2	53	51	-2	2	False
桂枝汤	evidence_gated_vs_ungated_union	SNAP25	76	76	0	0	False
桂枝汤	evidence_gated_vs_ungated_union	SOCS1	47	34	-13	13	False
桂枝汤	evidence_gated_vs_ungated_union	STAT3	77	77	0	0	False
桂枝汤	evidence_gated_vs_ungated_union	SUCNR1	78	78	0	0	False
桂枝汤	evidence_gated_vs_ungated_union	TAB2	79	79	0	0	False
桂枝汤	evidence_gated_vs_ungated_union	TDP1	41	46	5	5	False
桂枝汤	evidence_gated_vs_ungated_union	TH	48	35	-13	13	False
桂枝汤	evidence_gated_vs_ungated_union	TLR2	80	80	0	0	False
桂枝汤	evidence_gated_vs_ungated_union	TLR3	81	81	0	0	False
桂枝汤	evidence_gated_vs_ungated_union	TLR4	44	18	-26	26	False
桂枝汤	evidence_gated_vs_ungated_union	TNF	45	23	-22	22	False
桂枝汤	evidence_gated_vs_ungated_union	TP53	82	82	0	0	False
桂枝汤	evidence_gated_vs_ungated_union	TRAF6	83	83	0	0	False
桂枝汤	evidence_gated_vs_ungated_union	TRPA1	26	28	2	2	False
桂枝汤	evidence_gated_vs_ungated_union	TRPV4	84	84	0	0	False
桂枝汤	evidence_gated_vs_ungated_union	UCP1	85	85	0	0	False
桂枝汤	evidence_gated_vs_ungated_union	VEGFA	86	86	0	0	False
桂枝汤	evidence_gated_vs_cutoff_chembl_measured_only	AKR1B1	4	11	7	7	False
桂枝汤	evidence_gated_vs_cutoff_chembl_measured_only	AKR1B10	21	19	-2	2	False
桂枝汤	evidence_gated_vs_cutoff_chembl_measured_only	ALB	17	13	-4	4	False
桂枝汤	evidence_gated_vs_cutoff_chembl_measured_only	ALOX5	38	38	0	0	False
桂枝汤	evidence_gated_vs_cutoff_chembl_measured_only	APP	32	32	0	0	False
桂枝汤	evidence_gated_vs_cutoff_chembl_measured_only	BACE1	36	36	0	0	False
桂枝汤	evidence_gated_vs_cutoff_chembl_measured_only	CHRNA7	29	29	0	0	False
桂枝汤	evidence_gated_vs_cutoff_chembl_measured_only	CYP19A1	5	17	12	12	False
桂枝汤	evidence_gated_vs_cutoff_chembl_measured_only	CYP1A2	31	31	0	0	False
桂枝汤	evidence_gated_vs_cutoff_chembl_measured_only	CYP1B1	23	21	-2	2	False
桂枝汤	evidence_gated_vs_cutoff_chembl_measured_only	CYP2B6	40	40	0	0	False
桂枝汤	evidence_gated_vs_cutoff_chembl_measured_only	CYP2C19	28	28	0	0	False
桂枝汤	evidence_gated_vs_cutoff_chembl_measured_only	CYP2C9	30	30	0	0	False
桂枝汤	evidence_gated_vs_cutoff_chembl_measured_only	CYP3A4	33	33	0	0	False
桂枝汤	evidence_gated_vs_cutoff_chembl_measured_only	DPP4	42	42	0	0	False
桂枝汤	evidence_gated_vs_cutoff_chembl_measured_only	ESR1	20	18	-2	2	False
桂枝汤	evidence_gated_vs_cutoff_chembl_measured_only	ESR2	14	9	-5	5	False
桂枝汤	evidence_gated_vs_cutoff_chembl_measured_only	GLI1	35	35	0	0	False
桂枝汤	evidence_gated_vs_cutoff_chembl_measured_only	GPBAR1	18	14	-4	4	False
桂枝汤	evidence_gated_vs_cutoff_chembl_measured_only	HCAR2	24	22	-2	2	False
桂枝汤	evidence_gated_vs_cutoff_chembl_measured_only	HDAC6	15	10	-5	5	False
桂枝汤	evidence_gated_vs_cutoff_chembl_measured_only	HMGB1	43	43	0	0	False
桂枝汤	evidence_gated_vs_cutoff_chembl_measured_only	HSD11B1	3	2	-1	1	True
桂枝汤	evidence_gated_vs_cutoff_chembl_measured_only	HSD11B2	7	1	-6	6	True
桂枝汤	evidence_gated_vs_cutoff_chembl_measured_only	HSD17B1	22	20	-2	2	False
桂枝汤	evidence_gated_vs_cutoff_chembl_measured_only	HSD17B2	16	12	-4	4	False
桂枝汤	evidence_gated_vs_cutoff_chembl_measured_only	IL2	2	24	22	22	False
桂枝汤	evidence_gated_vs_cutoff_chembl_measured_only	MAOA	34	34	0	0	False
桂枝汤	evidence_gated_vs_cutoff_chembl_measured_only	MAOB	6	26	20	20	False
桂枝汤	evidence_gated_vs_cutoff_chembl_measured_only	MMP1	12	7	-5	5	False
桂枝汤	evidence_gated_vs_cutoff_chembl_measured_only	MMP13	11	6	-5	5	False
桂枝汤	evidence_gated_vs_cutoff_chembl_measured_only	MMP2	9	4	-5	5	True
桂枝汤	evidence_gated_vs_cutoff_chembl_measured_only	MMP3	13	8	-5	5	False
桂枝汤	evidence_gated_vs_cutoff_chembl_measured_only	MMP7	8	3	-5	5	True
桂枝汤	evidence_gated_vs_cutoff_chembl_measured_only	MMP9	10	5	-5	5	True
桂枝汤	evidence_gated_vs_cutoff_chembl_measured_only	NLRP3	1	16	15	15	False
桂枝汤	evidence_gated_vs_cutoff_chembl_measured_only	NT5E	27	27	0	0	False
桂枝汤	evidence_gated_vs_cutoff_chembl_measured_only	P4HB	39	39	0	0	False
桂枝汤	evidence_gated_vs_cutoff_chembl_measured_only	POLB	37	37	0	0	False
桂枝汤	evidence_gated_vs_cutoff_chembl_measured_only	PSMB5	25	23	-2	2	False
桂枝汤	evidence_gated_vs_cutoff_chembl_measured_only	PTPN1	19	15	-4	4	False
桂枝汤	evidence_gated_vs_cutoff_chembl_measured_only	TDP1	41	41	0	0	False
桂枝汤	evidence_gated_vs_cutoff_chembl_measured_only	TRPA1	26	25	-1	1	False
麻黄汤	evidence_gated_vs_ungated_union	AHR	34	34	0	0	False
麻黄汤	evidence_gated_vs_ungated_union	AKR1B1	15	15	0	0	False
麻黄汤	evidence_gated_vs_ungated_union	ALOX5	27	30	3	3	False
麻黄汤	evidence_gated_vs_ungated_union	APP	24	27	3	3	False
麻黄汤	evidence_gated_vs_ungated_union	BACE1	26	29	3	3	False
麻黄汤	evidence_gated_vs_ungated_union	CHRNA7	23	26	3	3	False
麻黄汤	evidence_gated_vs_ungated_union	CYP19A1	4	9	5	5	True
麻黄汤	evidence_gated_vs_ungated_union	CYP1B1	19	20	1	1	False
麻黄汤	evidence_gated_vs_ungated_union	ESR1	17	18	1	1	False
麻黄汤	evidence_gated_vs_ungated_union	ESR2	13	13	0	0	False
麻黄汤	evidence_gated_vs_ungated_union	FGFR3	35	35	0	0	False
麻黄汤	evidence_gated_vs_ungated_union	GATA3	36	36	0	0	False
麻黄汤	evidence_gated_vs_ungated_union	HCAR2	20	21	1	1	False
麻黄汤	evidence_gated_vs_ungated_union	HDAC6	14	14	0	0	False
麻黄汤	evidence_gated_vs_ungated_union	HMGB1	30	33	3	3	False
麻黄汤	evidence_gated_vs_ungated_union	HSD11B1	3	1	-2	2	True
麻黄汤	evidence_gated_vs_ungated_union	HSD11B2	6	2	-4	4	True
麻黄汤	evidence_gated_vs_ungated_union	HSD17B1	18	19	1	1	False
麻黄汤	evidence_gated_vs_ungated_union	HSD17B2	16	16	0	0	False
麻黄汤	evidence_gated_vs_ungated_union	IL2	22	23	1	1	False
麻黄汤	evidence_gated_vs_ungated_union	IL21	37	37	0	0	False
麻黄汤	evidence_gated_vs_ungated_union	IL6	38	38	0	0	False
麻黄汤	evidence_gated_vs_ungated_union	IRAK4	39	39	0	0	False
麻黄汤	evidence_gated_vs_ungated_union	MAOA	25	28	3	3	False
麻黄汤	evidence_gated_vs_ungated_union	MAOB	5	11	6	6	False
麻黄汤	evidence_gated_vs_ungated_union	MMP1	11	8	-3	3	False
麻黄汤	evidence_gated_vs_ungated_union	MMP13	10	6	-4	4	True
麻黄汤	evidence_gated_vs_ungated_union	MMP2	8	3	-5	5	True
麻黄汤	evidence_gated_vs_ungated_union	MMP3	12	12	0	0	False
麻黄汤	evidence_gated_vs_ungated_union	MMP7	7	4	-3	3	True
麻黄汤	evidence_gated_vs_ungated_union	MMP9	9	5	-4	4	True
麻黄汤	evidence_gated_vs_ungated_union	NLRP3	1	7	6	6	True
麻黄汤	evidence_gated_vs_ungated_union	P4HB	28	31	3	3	False
麻黄汤	evidence_gated_vs_ungated_union	PSMB5	21	22	1	1	False
麻黄汤	evidence_gated_vs_ungated_union	SP1	40	40	0	0	False
麻黄汤	evidence_gated_vs_ungated_union	STAT3	41	41	0	0	False
麻黄汤	evidence_gated_vs_ungated_union	TAS2R14	42	42	0	0	False
麻黄汤	evidence_gated_vs_ungated_union	TDP1	29	32	3	3	False
麻黄汤	evidence_gated_vs_ungated_union	TLR4	43	43	0	0	False
麻黄汤	evidence_gated_vs_ungated_union	TLR7	32	24	-8	8	False
麻黄汤	evidence_gated_vs_ungated_union	TNF	31	17	-14	14	False
麻黄汤	evidence_gated_vs_ungated_union	TP53	44	44	0	0	False
麻黄汤	evidence_gated_vs_ungated_union	TRAF6	45	45	0	0	False
麻黄汤	evidence_gated_vs_ungated_union	TRPA1	2	10	8	8	True
麻黄汤	evidence_gated_vs_ungated_union	TRPV1	33	25	-8	8	False
麻黄汤	evidence_gated_vs_cutoff_chembl_measured_only	AKR1B1	15	11	-4	4	False
麻黄汤	evidence_gated_vs_cutoff_chembl_measured_only	ALOX5	27	27	0	0	False
麻黄汤	evidence_gated_vs_cutoff_chembl_measured_only	APP	24	24	0	0	False
麻黄汤	evidence_gated_vs_cutoff_chembl_measured_only	BACE1	26	26	0	0	False
麻黄汤	evidence_gated_vs_cutoff_chembl_measured_only	CHRNA7	23	23	0	0	False
麻黄汤	evidence_gated_vs_cutoff_chembl_measured_only	CYP19A1	4	14	10	10	False
麻黄汤	evidence_gated_vs_cutoff_chembl_measured_only	CYP1B1	19	17	-2	2	False
麻黄汤	evidence_gated_vs_cutoff_chembl_measured_only	ESR1	17	15	-2	2	False
麻黄汤	evidence_gated_vs_cutoff_chembl_measured_only	ESR2	13	9	-4	4	False
麻黄汤	evidence_gated_vs_cutoff_chembl_measured_only	HCAR2	20	18	-2	2	False
麻黄汤	evidence_gated_vs_cutoff_chembl_measured_only	HDAC6	14	10	-4	4	False
麻黄汤	evidence_gated_vs_cutoff_chembl_measured_only	HMGB1	30	30	0	0	False
麻黄汤	evidence_gated_vs_cutoff_chembl_measured_only	HSD11B1	3	2	-1	1	True
麻黄汤	evidence_gated_vs_cutoff_chembl_measured_only	HSD11B2	6	1	-5	5	True
麻黄汤	evidence_gated_vs_cutoff_chembl_measured_only	HSD17B1	18	16	-2	2	False
麻黄汤	evidence_gated_vs_cutoff_chembl_measured_only	HSD17B2	16	12	-4	4	False
麻黄汤	evidence_gated_vs_cutoff_chembl_measured_only	IL2	22	20	-2	2	False
麻黄汤	evidence_gated_vs_cutoff_chembl_measured_only	MAOA	25	25	0	0	False
麻黄汤	evidence_gated_vs_cutoff_chembl_measured_only	MAOB	5	22	17	17	False
麻黄汤	evidence_gated_vs_cutoff_chembl_measured_only	MMP1	11	7	-4	4	False
麻黄汤	evidence_gated_vs_cutoff_chembl_measured_only	MMP13	10	6	-4	4	True
麻黄汤	evidence_gated_vs_cutoff_chembl_measured_only	MMP2	8	4	-4	4	True
麻黄汤	evidence_gated_vs_cutoff_chembl_measured_only	MMP3	12	8	-4	4	False
麻黄汤	evidence_gated_vs_cutoff_chembl_measured_only	MMP7	7	3	-4	4	True
麻黄汤	evidence_gated_vs_cutoff_chembl_measured_only	MMP9	9	5	-4	4	True
麻黄汤	evidence_gated_vs_cutoff_chembl_measured_only	NLRP3	1	13	12	12	False
麻黄汤	evidence_gated_vs_cutoff_chembl_measured_only	P4HB	28	28	0	0	False
麻黄汤	evidence_gated_vs_cutoff_chembl_measured_only	PSMB5	21	19	-2	2	False
麻黄汤	evidence_gated_vs_cutoff_chembl_measured_only	TDP1	29	29	0	0	False
麻黄汤	evidence_gated_vs_cutoff_chembl_measured_only	TRPA1	2	21	19	19	False
小柴胡汤	evidence_gated_vs_ungated_union	ABCB1	60	66	6	6	False
小柴胡汤	evidence_gated_vs_ungated_union	AIM2	71	68	-3	3	False
小柴胡汤	evidence_gated_vs_ungated_union	AKR1B1	9	12	3	3	False
小柴胡汤	evidence_gated_vs_ungated_union	AKR1B10	30	35	5	5	False
小柴胡汤	evidence_gated_vs_ungated_union	AKT1	72	69	-3	3	False
小柴胡汤	evidence_gated_vs_ungated_union	ALB	22	26	4	4	False
小柴胡汤	evidence_gated_vs_ungated_union	ALOX12	24	28	4	4	False
小柴胡汤	evidence_gated_vs_ungated_union	ALOX15	23	27	4	4	False
小柴胡汤	evidence_gated_vs_ungated_union	APP	52	58	6	6	False
小柴胡汤	evidence_gated_vs_ungated_union	ATF1	73	70	-3	3	False
小柴胡汤	evidence_gated_vs_ungated_union	ATF2	74	71	-3	3	False
小柴胡汤	evidence_gated_vs_ungated_union	BACE1	56	62	6	6	False
小柴胡汤	evidence_gated_vs_ungated_union	CASP3	75	72	-3	3	False
小柴胡汤	evidence_gated_vs_ungated_union	CAT	76	73	-3	3	False
小柴胡汤	evidence_gated_vs_ungated_union	CD28	77	74	-3	3	False
小柴胡汤	evidence_gated_vs_ungated_union	CD4	78	75	-3	3	False
小柴胡汤	evidence_gated_vs_ungated_union	CD68	79	76	-3	3	False
小柴胡汤	evidence_gated_vs_ungated_union	CD69	80	77	-3	3	False
小柴胡汤	evidence_gated_vs_ungated_union	CD86	81	78	-3	3	False
小柴胡汤	evidence_gated_vs_ungated_union	CDK2	27	32	5	5	False
小柴胡汤	evidence_gated_vs_ungated_union	CDK4	82	79	-3	3	False
小柴胡汤	evidence_gated_vs_ungated_union	CDK9	19	18	-1	1	False
小柴胡汤	evidence_gated_vs_ungated_union	CGN	83	80	-3	3	False
小柴胡汤	evidence_gated_vs_ungated_union	CHRNA7	48	54	6	6	False
小柴胡汤	evidence_gated_vs_ungated_union	COL1A1	84	81	-3	3	False
小柴胡汤	evidence_gated_vs_ungated_union	CP	65	19	-46	46	False
小柴胡汤	evidence_gated_vs_ungated_union	CRP	85	82	-3	3	False
小柴胡汤	evidence_gated_vs_ungated_union	CSNK2A1	40	49	9	9	False
小柴胡汤	evidence_gated_vs_ungated_union	CYP19A1	10	16	6	6	False
小柴胡汤	evidence_gated_vs_ungated_union	CYP1A1	26	31	5	5	False
小柴胡汤	evidence_gated_vs_ungated_union	CYP1A2	43	29	-14	14	False
小柴胡汤	evidence_gated_vs_ungated_union	CYP1B1	7	10	3	3	True
小柴胡汤	evidence_gated_vs_ungated_union	CYP2B6	61	67	6	6	False
小柴胡汤	evidence_gated_vs_ungated_union	CYP2C19	46	52	6	6	False
小柴胡汤	evidence_gated_vs_ungated_union	CYP2C9	49	55	6	6	False
小柴胡汤	evidence_gated_vs_ungated_union	CYP3A4	13	24	11	11	False
小柴胡汤	evidence_gated_vs_ungated_union	DGAT2	86	83	-3	3	False
小柴胡汤	evidence_gated_vs_ungated_union	DPP4	63	110	47	47	False
小柴胡汤	evidence_gated_vs_ungated_union	EBP	87	84	-3	3	False
小柴胡汤	evidence_gated_vs_ungated_union	ESR1	29	34	5	5	False
小柴胡汤	evidence_gated_vs_ungated_union	ESR2	20	21	1	1	False
小柴胡汤	evidence_gated_vs_ungated_union	FABP4	88	85	-3	3	False
小柴胡汤	evidence_gated_vs_ungated_union	FBP1	53	59	6	6	False
小柴胡汤	evidence_gated_vs_ungated_union	G6PD	89	86	-3	3	False
小柴胡汤	evidence_gated_vs_ungated_union	GABRA1	4	4	0	0	True
小柴胡汤	evidence_gated_vs_ungated_union	GLI1	55	61	6	6	False
小柴胡汤	evidence_gated_vs_ungated_union	GLO1	47	53	6	6	False
小柴胡汤	evidence_gated_vs_ungated_union	GPBAR1	25	30	5	5	False
小柴胡汤	evidence_gated_vs_ungated_union	GPR35	44	50	6	6	False
小柴胡汤	evidence_gated_vs_ungated_union	GRK6	39	48	9	9	False
小柴胡汤	evidence_gated_vs_ungated_union	HDAC6	8	11	3	3	False
小柴胡汤	evidence_gated_vs_ungated_union	HMGB1	64	111	47	47	False
小柴胡汤	evidence_gated_vs_ungated_union	HRH1	90	87	-3	3	False
小柴胡汤	evidence_gated_vs_ungated_union	HSD11B1	6	3	-3	3	True
小柴胡汤	evidence_gated_vs_ungated_union	HSD11B2	14	6	-8	8	False
小柴胡汤	evidence_gated_vs_ungated_union	HSD17B1	32	37	5	5	False
小柴胡汤	evidence_gated_vs_ungated_union	HSD17B2	21	23	2	2	False
小柴胡汤	evidence_gated_vs_ungated_union	HSP90AA1	91	88	-3	3	False
小柴胡汤	evidence_gated_vs_ungated_union	HTR2C	92	89	-3	3	False
小柴胡汤	evidence_gated_vs_ungated_union	IL2	36	45	9	9	False
小柴胡汤	evidence_gated_vs_ungated_union	IMPA1	93	90	-3	3	False
小柴胡汤	evidence_gated_vs_ungated_union	JAK2	94	91	-3	3	False
小柴胡汤	evidence_gated_vs_ungated_union	KDM1A	5	5	0	0	True
小柴胡汤	evidence_gated_vs_ungated_union	KDM4E	34	39	5	5	False
小柴胡汤	evidence_gated_vs_ungated_union	LPL	67	40	-27	27	False
小柴胡汤	evidence_gated_vs_ungated_union	MAOA	54	60	6	6	False
小柴胡汤	evidence_gated_vs_ungated_union	MAOB	12	22	10	10	False
小柴胡汤	evidence_gated_vs_ungated_union	MAPK3	95	92	-3	3	False
小柴胡汤	evidence_gated_vs_ungated_union	MAPK8	96	93	-3	3	False
小柴胡汤	evidence_gated_vs_ungated_union	MCL1	97	94	-3	3	False
小柴胡汤	evidence_gated_vs_ungated_union	ME1	98	95	-3	3	False
小柴胡汤	evidence_gated_vs_ungated_union	MMP1	2	2	0	0	True
小柴胡汤	evidence_gated_vs_ungated_union	MMP13	1	1	0	0	True
小柴胡汤	evidence_gated_vs_ungated_union	MMP2	16	7	-9	9	False
小柴胡汤	evidence_gated_vs_ungated_union	MMP3	18	14	-4	4	False
小柴胡汤	evidence_gated_vs_ungated_union	MMP7	15	8	-7	7	False
小柴胡汤	evidence_gated_vs_ungated_union	MMP9	17	9	-8	8	False
小柴胡汤	evidence_gated_vs_ungated_union	NLRP3	3	13	10	10	False
小柴胡汤	evidence_gated_vs_ungated_union	NR3C1	51	57	6	6	False
小柴胡汤	evidence_gated_vs_ungated_union	NR3C2	99	96	-3	3	False
小柴胡汤	evidence_gated_vs_ungated_union	NT5E	37	46	9	9	False
小柴胡汤	evidence_gated_vs_ungated_union	NTRK1	100	97	-3	3	False
小柴胡汤	evidence_gated_vs_ungated_union	OPRD1	101	98	-3	3	False
小柴胡汤	evidence_gated_vs_ungated_union	OPRK1	102	99	-3	3	False
小柴胡汤	evidence_gated_vs_ungated_union	OPRM1	103	100	-3	3	False
小柴胡汤	evidence_gated_vs_ungated_union	P4HB	59	65	6	6	False
小柴胡汤	evidence_gated_vs_ungated_union	PGC	104	101	-3	3	False
小柴胡汤	evidence_gated_vs_ungated_union	PGR	50	56	6	6	False
小柴胡汤	evidence_gated_vs_ungated_union	PKM	31	36	5	5	False
小柴胡汤	evidence_gated_vs_ungated_union	PLK1	11	17	6	6	False
小柴胡汤	evidence_gated_vs_ungated_union	POLB	57	63	6	6	False
小柴胡汤	evidence_gated_vs_ungated_union	PPARG	105	102	-3	3	False
小柴胡汤	evidence_gated_vs_ungated_union	PREP	42	25	-17	17	False
小柴胡汤	evidence_gated_vs_ungated_union	PSMB5	35	44	9	9	False
小柴胡汤	evidence_gated_vs_ungated_union	PTGS1	106	103	-3	3	False
小柴胡汤	evidence_gated_vs_ungated_union	PTGS2	41	15	-26	26	False
小柴胡汤	evidence_gated_vs_ungated_union	PTPN1	28	33	5	5	False
小柴胡汤	evidence_gated_vs_ungated_union	PTPRS	45	51	6	6	False
小柴胡汤	evidence_gated_vs_ungated_union	SI	58	64	6	6	False
小柴胡汤	evidence_gated_vs_ungated_union	SNCA	38	47	9	9	False
小柴胡汤	evidence_gated_vs_ungated_union	SST	68	41	-27	27	False
小柴胡汤	evidence_gated_vs_ungated_union	STAT3	69	42	-27	27	False
小柴胡汤	evidence_gated_vs_ungated_union	STAT4	107	104	-3	3	False
小柴胡汤	evidence_gated_vs_ungated_union	STAT6	108	105	-3	3	False
小柴胡汤	evidence_gated_vs_ungated_union	TDP1	62	109	47	47	False
小柴胡汤	evidence_gated_vs_ungated_union	TIMP1	109	106	-3	3	False
小柴胡汤	evidence_gated_vs_ungated_union	TLR4	70	43	-27	27	False
小柴胡汤	evidence_gated_vs_ungated_union	TNF	66	20	-46	46	False
小柴胡汤	evidence_gated_vs_ungated_union	TP53	110	107	-3	3	False
小柴胡汤	evidence_gated_vs_ungated_union	VDR	111	108	-3	3	False
小柴胡汤	evidence_gated_vs_ungated_union	XDH	33	38	5	5	False
小柴胡汤	evidence_gated_vs_cutoff_chembl_measured_only	ABCB1	60	59	-1	1	False
小柴胡汤	evidence_gated_vs_cutoff_chembl_measured_only	AKR1B1	9	13	4	4	False
小柴胡汤	evidence_gated_vs_cutoff_chembl_measured_only	AKR1B10	30	25	-5	5	False
小柴胡汤	evidence_gated_vs_cutoff_chembl_measured_only	ALB	22	15	-7	7	False
小柴胡汤	evidence_gated_vs_cutoff_chembl_measured_only	ALOX12	24	17	-7	7	False
小柴胡汤	evidence_gated_vs_cutoff_chembl_measured_only	ALOX15	23	16	-7	7	False
小柴胡汤	evidence_gated_vs_cutoff_chembl_measured_only	APP	52	51	-1	1	False
小柴胡汤	evidence_gated_vs_cutoff_chembl_measured_only	BACE1	56	55	-1	1	False
小柴胡汤	evidence_gated_vs_cutoff_chembl_measured_only	CDK2	27	20	-7	7	False
小柴胡汤	evidence_gated_vs_cutoff_chembl_measured_only	CDK9	19	9	-10	10	False
小柴胡汤	evidence_gated_vs_cutoff_chembl_measured_only	CHRNA7	48	45	-3	3	False
小柴胡汤	evidence_gated_vs_cutoff_chembl_measured_only	CSNK2A1	40	40	0	0	False
小柴胡汤	evidence_gated_vs_cutoff_chembl_measured_only	CYP19A1	10	23	13	13	False
小柴胡汤	evidence_gated_vs_cutoff_chembl_measured_only	CYP1A1	26	19	-7	7	False
小柴胡汤	evidence_gated_vs_cutoff_chembl_measured_only	CYP1A2	43	49	6	6	False
小柴胡汤	evidence_gated_vs_cutoff_chembl_measured_only	CYP1B1	7	10	3	3	True
小柴胡汤	evidence_gated_vs_cutoff_chembl_measured_only	CYP2B6	61	60	-1	1	False
小柴胡汤	evidence_gated_vs_cutoff_chembl_measured_only	CYP2C19	46	43	-3	3	False
小柴胡汤	evidence_gated_vs_cutoff_chembl_measured_only	CYP2C9	49	47	-2	2	False
小柴胡汤	evidence_gated_vs_cutoff_chembl_measured_only	CYP3A4	13	39	26	26	False
小柴胡汤	evidence_gated_vs_cutoff_chembl_measured_only	DPP4	63	63	0	0	False
小柴胡汤	evidence_gated_vs_cutoff_chembl_measured_only	ESR1	29	24	-5	5	False
小柴胡汤	evidence_gated_vs_cutoff_chembl_measured_only	ESR2	20	11	-9	9	False
小柴胡汤	evidence_gated_vs_cutoff_chembl_measured_only	FBP1	53	52	-1	1	False
小柴胡汤	evidence_gated_vs_cutoff_chembl_measured_only	GABRA1	4	27	23	23	False
小柴胡汤	evidence_gated_vs_cutoff_chembl_measured_only	GLI1	55	54	-1	1	False
小柴胡汤	evidence_gated_vs_cutoff_chembl_measured_only	GLO1	47	44	-3	3	False
小柴胡汤	evidence_gated_vs_cutoff_chembl_measured_only	GPBAR1	25	18	-7	7	False
小柴胡汤	evidence_gated_vs_cutoff_chembl_measured_only	GPR35	44	41	-3	3	False
小柴胡汤	evidence_gated_vs_cutoff_chembl_measured_only	GRK6	39	38	-1	1	False
小柴胡汤	evidence_gated_vs_cutoff_chembl_measured_only	HDAC6	8	12	4	4	False
小柴胡汤	evidence_gated_vs_cutoff_chembl_measured_only	HMGB1	64	64	0	0	False
小柴胡汤	evidence_gated_vs_cutoff_chembl_measured_only	HSD11B1	6	2	-4	4	True
小柴胡汤	evidence_gated_vs_cutoff_chembl_measured_only	HSD11B2	14	1	-13	13	False
小柴胡汤	evidence_gated_vs_cutoff_chembl_measured_only	HSD17B1	32	28	-4	4	False
小柴胡汤	evidence_gated_vs_cutoff_chembl_measured_only	HSD17B2	21	14	-7	7	False
小柴胡汤	evidence_gated_vs_cutoff_chembl_measured_only	IL2	36	34	-2	2	False
小柴胡汤	evidence_gated_vs_cutoff_chembl_measured_only	KDM1A	5	30	25	25	False
小柴胡汤	evidence_gated_vs_cutoff_chembl_measured_only	KDM4E	34	31	-3	3	False
小柴胡汤	evidence_gated_vs_cutoff_chembl_measured_only	MAOA	54	53	-1	1	False
小柴胡汤	evidence_gated_vs_cutoff_chembl_measured_only	MAOB	12	35	23	23	False
小柴胡汤	evidence_gated_vs_cutoff_chembl_measured_only	MMP1	2	7	5	5	True
小柴胡汤	evidence_gated_vs_cutoff_chembl_measured_only	MMP13	1	6	5	5	True
小柴胡汤	evidence_gated_vs_cutoff_chembl_measured_only	MMP2	16	4	-12	12	False
小柴胡汤	evidence_gated_vs_cutoff_chembl_measured_only	MMP3	18	8	-10	10	False
小柴胡汤	evidence_gated_vs_cutoff_chembl_measured_only	MMP7	15	3	-12	12	False
小柴胡汤	evidence_gated_vs_cutoff_chembl_measured_only	MMP9	17	5	-12	12	False
小柴胡汤	evidence_gated_vs_cutoff_chembl_measured_only	NLRP3	3	22	19	19	False
小柴胡汤	evidence_gated_vs_cutoff_chembl_measured_only	NR3C1	51	50	-1	1	False
小柴胡汤	evidence_gated_vs_cutoff_chembl_measured_only	NT5E	37	36	-1	1	False
小柴胡汤	evidence_gated_vs_cutoff_chembl_measured_only	P4HB	59	58	-1	1	False
小柴胡汤	evidence_gated_vs_cutoff_chembl_measured_only	PGR	50	48	-2	2	False
小柴胡汤	evidence_gated_vs_cutoff_chembl_measured_only	PKM	31	26	-5	5	False
小柴胡汤	evidence_gated_vs_cutoff_chembl_measured_only	PLK1	11	32	21	21	False
小柴胡汤	evidence_gated_vs_cutoff_chembl_measured_only	POLB	57	56	-1	1	False
小柴胡汤	evidence_gated_vs_cutoff_chembl_measured_only	PREP	42	46	4	4	False
小柴胡汤	evidence_gated_vs_cutoff_chembl_measured_only	PSMB5	35	33	-2	2	False
小柴胡汤	evidence_gated_vs_cutoff_chembl_measured_only	PTGS2	41	61	20	20	False
小柴胡汤	evidence_gated_vs_cutoff_chembl_measured_only	PTPN1	28	21	-7	7	False
小柴胡汤	evidence_gated_vs_cutoff_chembl_measured_only	PTPRS	45	42	-3	3	False
小柴胡汤	evidence_gated_vs_cutoff_chembl_measured_only	SI	58	57	-1	1	False
小柴胡汤	evidence_gated_vs_cutoff_chembl_measured_only	SNCA	38	37	-1	1	False
小柴胡汤	evidence_gated_vs_cutoff_chembl_measured_only	TDP1	62	62	0	0	False
小柴胡汤	evidence_gated_vs_cutoff_chembl_measured_only	XDH	33	29	-4	4	False
理中丸	evidence_gated_vs_ungated_union	AKR1B1	18	19	1	1	False
理中丸	evidence_gated_vs_ungated_union	ALOX5	26	28	2	2	False
理中丸	evidence_gated_vs_ungated_union	APP	31	32	1	1	False
理中丸	evidence_gated_vs_ungated_union	BACE1	33	35	2	2	False
理中丸	evidence_gated_vs_ungated_union	CHRNA7	28	29	1	1	False
理中丸	evidence_gated_vs_ungated_union	CYP19A1	2	8	6	6	True
理中丸	evidence_gated_vs_ungated_union	CYP1A2	3	9	6	6	True
理中丸	evidence_gated_vs_ungated_union	CYP1B1	23	25	2	2	False
理中丸	evidence_gated_vs_ungated_union	CYP2A6	37	39	2	2	False
理中丸	evidence_gated_vs_ungated_union	CYP2B6	6	12	6	6	False
理中丸	evidence_gated_vs_ungated_union	CYP2C19	27	15	-12	12	False
理中丸	evidence_gated_vs_ungated_union	CYP2C9	4	10	6	6	True
理中丸	evidence_gated_vs_ungated_union	CYP2D6	38	40	2	2	False
理中丸	evidence_gated_vs_ungated_union	CYP2E1	36	38	2	2	False
理中丸	evidence_gated_vs_ungated_union	CYP3A4	5	11	6	6	False
理中丸	evidence_gated_vs_ungated_union	ESR1	21	23	2	2	False
理中丸	evidence_gated_vs_ungated_union	ESR2	15	16	1	1	False
理中丸	evidence_gated_vs_ungated_union	HDAC6	16	17	1	1	False
理中丸	evidence_gated_vs_ungated_union	HMGB1	39	41	2	2	False
理中丸	evidence_gated_vs_ungated_union	HSD11B1	1	1	0	0	True
理中丸	evidence_gated_vs_ungated_union	HSD11B2	8	2	-6	6	True
理中丸	evidence_gated_vs_ungated_union	HSD17B1	22	24	2	2	False
理中丸	evidence_gated_vs_ungated_union	HSD17B2	19	20	1	1	False
理中丸	evidence_gated_vs_ungated_union	HTR1A	30	31	1	1	False
理中丸	evidence_gated_vs_ungated_union	IL2	25	27	2	2	False
理中丸	evidence_gated_vs_ungated_union	LTA4H	29	30	1	1	False
理中丸	evidence_gated_vs_ungated_union	MAOA	32	34	2	2	False
理中丸	evidence_gated_vs_ungated_union	MAOB	7	13	6	6	False
理中丸	evidence_gated_vs_ungated_union	MMP1	13	7	-6	6	False
理中丸	evidence_gated_vs_ungated_union	MMP13	12	6	-6	6	False
理中丸	evidence_gated_vs_ungated_union	MMP2	10	3	-7	7	True
理中丸	evidence_gated_vs_ungated_union	MMP3	14	14	0	0	False
理中丸	evidence_gated_vs_ungated_union	MMP7	9	4	-5	5	True
理中丸	evidence_gated_vs_ungated_union	MMP9	11	5	-6	6	False
理中丸	evidence_gated_vs_ungated_union	NLRP3	20	22	2	2	False
理中丸	evidence_gated_vs_ungated_union	P4HB	34	36	2	2	False
理中丸	evidence_gated_vs_ungated_union	PSMB5	24	26	2	2	False
理中丸	evidence_gated_vs_ungated_union	TDP1	35	37	2	2	False
理中丸	evidence_gated_vs_ungated_union	TNF	40	21	-19	19	False
理中丸	evidence_gated_vs_ungated_union	TRPV1	17	18	1	1	False
理中丸	evidence_gated_vs_ungated_union	VIP	41	33	-8	8	False
理中丸	evidence_gated_vs_cutoff_chembl_measured_only	AKR1B1	18	12	-6	6	False
理中丸	evidence_gated_vs_cutoff_chembl_measured_only	ALOX5	26	26	0	0	False
理中丸	evidence_gated_vs_cutoff_chembl_measured_only	APP	31	31	0	0	False
理中丸	evidence_gated_vs_cutoff_chembl_measured_only	BACE1	33	33	0	0	False
理中丸	evidence_gated_vs_cutoff_chembl_measured_only	CHRNA7	28	28	0	0	False
理中丸	evidence_gated_vs_cutoff_chembl_measured_only	CYP19A1	2	15	13	13	False
理中丸	evidence_gated_vs_cutoff_chembl_measured_only	CYP1A2	3	17	14	14	False
理中丸	evidence_gated_vs_cutoff_chembl_measured_only	CYP1B1	23	20	-3	3	False
理中丸	evidence_gated_vs_cutoff_chembl_measured_only	CYP2A6	37	37	0	0	False
理中丸	evidence_gated_vs_cutoff_chembl_measured_only	CYP2B6	6	24	18	18	False
理中丸	evidence_gated_vs_cutoff_chembl_measured_only	CYP2C19	27	27	0	0	False
理中丸	evidence_gated_vs_cutoff_chembl_measured_only	CYP2C9	4	19	15	15	False
理中丸	evidence_gated_vs_cutoff_chembl_measured_only	CYP2D6	38	38	0	0	False
理中丸	evidence_gated_vs_cutoff_chembl_measured_only	CYP2E1	36	36	0	0	False
理中丸	evidence_gated_vs_cutoff_chembl_measured_only	CYP3A4	5	21	16	16	False
理中丸	evidence_gated_vs_cutoff_chembl_measured_only	ESR1	21	16	-5	5	False
理中丸	evidence_gated_vs_cutoff_chembl_measured_only	ESR2	15	9	-6	6	False
理中丸	evidence_gated_vs_cutoff_chembl_measured_only	HDAC6	16	10	-6	6	False
理中丸	evidence_gated_vs_cutoff_chembl_measured_only	HMGB1	39	39	0	0	False
理中丸	evidence_gated_vs_cutoff_chembl_measured_only	HSD11B1	1	2	1	1	True
理中丸	evidence_gated_vs_cutoff_chembl_measured_only	HSD11B2	8	1	-7	7	True
理中丸	evidence_gated_vs_cutoff_chembl_measured_only	HSD17B1	22	18	-4	4	False
理中丸	evidence_gated_vs_cutoff_chembl_measured_only	HSD17B2	19	13	-6	6	False
理中丸	evidence_gated_vs_cutoff_chembl_measured_only	HTR1A	30	30	0	0	False
理中丸	evidence_gated_vs_cutoff_chembl_measured_only	IL2	25	23	-2	2	False
理中丸	evidence_gated_vs_cutoff_chembl_measured_only	LTA4H	29	29	0	0	False
理中丸	evidence_gated_vs_cutoff_chembl_measured_only	MAOA	32	32	0	0	False
理中丸	evidence_gated_vs_cutoff_chembl_measured_only	MAOB	7	25	18	18	False
理中丸	evidence_gated_vs_cutoff_chembl_measured_only	MMP1	13	7	-6	6	False
理中丸	evidence_gated_vs_cutoff_chembl_measured_only	MMP13	12	6	-6	6	False
理中丸	evidence_gated_vs_cutoff_chembl_measured_only	MMP2	10	4	-6	6	True
理中丸	evidence_gated_vs_cutoff_chembl_measured_only	MMP3	14	8	-6	6	False
理中丸	evidence_gated_vs_cutoff_chembl_measured_only	MMP7	9	3	-6	6	True
理中丸	evidence_gated_vs_cutoff_chembl_measured_only	MMP9	11	5	-6	6	False
理中丸	evidence_gated_vs_cutoff_chembl_measured_only	NLRP3	20	14	-6	6	False
理中丸	evidence_gated_vs_cutoff_chembl_measured_only	P4HB	34	34	0	0	False
理中丸	evidence_gated_vs_cutoff_chembl_measured_only	PSMB5	24	22	-2	2	False
理中丸	evidence_gated_vs_cutoff_chembl_measured_only	TDP1	35	35	0	0	False
理中丸	evidence_gated_vs_cutoff_chembl_measured_only	TRPV1	17	11	-6	6	False
四逆汤	evidence_gated_vs_ungated_union	ABCA1	44	44	0	0	False
四逆汤	evidence_gated_vs_ungated_union	ACE	42	37	-5	5	False
四逆汤	evidence_gated_vs_ungated_union	ACE2	43	38	-5	5	False
四逆汤	evidence_gated_vs_ungated_union	AKR1B1	20	22	2	2	False
四逆汤	evidence_gated_vs_ungated_union	AKT1	45	45	0	0	False
四逆汤	evidence_gated_vs_ungated_union	ALOX5	26	30	4	4	False
四逆汤	evidence_gated_vs_ungated_union	APP	32	34	2	2	False
四逆汤	evidence_gated_vs_ungated_union	AR	46	46	0	0	False
四逆汤	evidence_gated_vs_ungated_union	BACE1	34	36	2	2	False
四逆汤	evidence_gated_vs_ungated_union	BAX	47	47	0	0	False
四逆汤	evidence_gated_vs_ungated_union	CD4	48	48	0	0	False
四逆汤	evidence_gated_vs_ungated_union	CHRNA7	29	31	2	2	False
四逆汤	evidence_gated_vs_ungated_union	CORT	49	49	0	0	False
四逆汤	evidence_gated_vs_ungated_union	CPT1A	50	50	0	0	False
四逆汤	evidence_gated_vs_ungated_union	CRH	51	51	0	0	False
四逆汤	evidence_gated_vs_ungated_union	CRP	52	52	0	0	False
四逆汤	evidence_gated_vs_ungated_union	CYP19A1	5	9	4	4	True
四逆汤	evidence_gated_vs_ungated_union	CYP1A2	6	10	4	4	True
四逆汤	evidence_gated_vs_ungated_union	CYP1B1	23	27	4	4	False
四逆汤	evidence_gated_vs_ungated_union	CYP2A6	38	42	4	4	False
四逆汤	evidence_gated_vs_ungated_union	CYP2B6	9	15	6	6	False
四逆汤	evidence_gated_vs_ungated_union	CYP2C19	28	18	-10	10	False
四逆汤	evidence_gated_vs_ungated_union	CYP2C9	7	11	4	4	False
四逆汤	evidence_gated_vs_ungated_union	CYP2D6	39	43	4	4	False
四逆汤	evidence_gated_vs_ungated_union	CYP2E1	37	41	4	4	False
四逆汤	evidence_gated_vs_ungated_union	CYP3A4	8	12	4	4	False
四逆汤	evidence_gated_vs_ungated_union	ESR1	3	14	11	11	False
四逆汤	evidence_gated_vs_ungated_union	ESR2	18	19	1	1	False
四逆汤	evidence_gated_vs_ungated_union	GFAP	53	53	0	0	False
四逆汤	evidence_gated_vs_ungated_union	HDAC6	19	20	1	1	False
四逆汤	evidence_gated_vs_ungated_union	HMGB1	27	21	-6	6	False
四逆汤	evidence_gated_vs_ungated_union	HSD11B1	4	1	-3	3	True
四逆汤	evidence_gated_vs_ungated_union	HSD11B2	11	3	-8	8	False
四逆汤	evidence_gated_vs_ungated_union	HSD17B1	22	26	4	4	False
四逆汤	evidence_gated_vs_ungated_union	HSD17B2	21	23	2	2	False
四逆汤	evidence_gated_vs_ungated_union	HTR1A	31	33	2	2	False
四逆汤	evidence_gated_vs_ungated_union	IL2	25	29	4	4	False
四逆汤	evidence_gated_vs_ungated_union	IL6	54	54	0	0	False
四逆汤	evidence_gated_vs_ungated_union	LTA4H	30	32	2	2	False
四逆汤	evidence_gated_vs_ungated_union	MAOA	33	35	2	2	False
四逆汤	evidence_gated_vs_ungated_union	MAOB	10	16	6	6	False
四逆汤	evidence_gated_vs_ungated_union	MAPK1	55	55	0	0	False
四逆汤	evidence_gated_vs_ungated_union	MCM2	56	56	0	0	False
四逆汤	evidence_gated_vs_ungated_union	MET	57	57	0	0	False
四逆汤	evidence_gated_vs_ungated_union	MLKL	58	58	0	0	False
四逆汤	evidence_gated_vs_ungated_union	MMP1	16	8	-8	8	False
四逆汤	evidence_gated_vs_ungated_union	MMP13	15	7	-8	8	False
四逆汤	evidence_gated_vs_ungated_union	MMP2	13	4	-9	9	False
四逆汤	evidence_gated_vs_ungated_union	MMP3	17	17	0	0	False
四逆汤	evidence_gated_vs_ungated_union	MMP7	12	5	-7	7	False
四逆汤	evidence_gated_vs_ungated_union	MMP9	14	6	-8	8	False
四逆汤	evidence_gated_vs_ungated_union	MST1	59	59	0	0	False
四逆汤	evidence_gated_vs_ungated_union	NLRP3	2	13	11	11	False
四逆汤	evidence_gated_vs_ungated_union	P4HB	35	39	4	4	False
四逆汤	evidence_gated_vs_ungated_union	PCNA	60	60	0	0	False
四逆汤	evidence_gated_vs_ungated_union	PSMB5	24	28	4	4	False
四逆汤	evidence_gated_vs_ungated_union	PTGS2	61	61	0	0	False
四逆汤	evidence_gated_vs_ungated_union	RELA	62	62	0	0	False
四逆汤	evidence_gated_vs_ungated_union	TDP1	36	40	4	4	False
四逆汤	evidence_gated_vs_ungated_union	TLR4	41	25	-16	16	False
四逆汤	evidence_gated_vs_ungated_union	TNF	40	24	-16	16	False
四逆汤	evidence_gated_vs_ungated_union	TP53	63	63	0	0	False
四逆汤	evidence_gated_vs_ungated_union	TRPA1	64	64	0	0	False
四逆汤	evidence_gated_vs_ungated_union	TRPM8	65	65	0	0	False
四逆汤	evidence_gated_vs_ungated_union	TRPV1	1	2	1	1	True
四逆汤	evidence_gated_vs_ungated_union	TRPV4	66	66	0	0	False
四逆汤	evidence_gated_vs_ungated_union	VEGFA	67	67	0	0	False
四逆汤	evidence_gated_vs_cutoff_chembl_measured_only	AKR1B1	20	12	-8	8	False
四逆汤	evidence_gated_vs_cutoff_chembl_measured_only	ALOX5	26	26	0	0	False
四逆汤	evidence_gated_vs_cutoff_chembl_measured_only	APP	32	31	-1	1	False
四逆汤	evidence_gated_vs_cutoff_chembl_measured_only	BACE1	34	33	-1	1	False
四逆汤	evidence_gated_vs_cutoff_chembl_measured_only	CHRNA7	29	28	-1	1	False
四逆汤	evidence_gated_vs_cutoff_chembl_measured_only	CYP19A1	5	15	10	10	False
四逆汤	evidence_gated_vs_cutoff_chembl_measured_only	CYP1A2	6	17	11	11	False
四逆汤	evidence_gated_vs_cutoff_chembl_measured_only	CYP1B1	23	20	-3	3	False
四逆汤	evidence_gated_vs_cutoff_chembl_measured_only	CYP2A6	38	37	-1	1	False
四逆汤	evidence_gated_vs_cutoff_chembl_measured_only	CYP2B6	9	24	15	15	False
四逆汤	evidence_gated_vs_cutoff_chembl_measured_only	CYP2C19	28	27	-1	1	False
四逆汤	evidence_gated_vs_cutoff_chembl_measured_only	CYP2C9	7	19	12	12	False
四逆汤	evidence_gated_vs_cutoff_chembl_measured_only	CYP2D6	39	38	-1	1	False
四逆汤	evidence_gated_vs_cutoff_chembl_measured_only	CYP2E1	37	36	-1	1	False
四逆汤	evidence_gated_vs_cutoff_chembl_measured_only	CYP3A4	8	21	13	13	False
四逆汤	evidence_gated_vs_cutoff_chembl_measured_only	ESR1	3	16	13	13	False
四逆汤	evidence_gated_vs_cutoff_chembl_measured_only	ESR2	18	9	-9	9	False
四逆汤	evidence_gated_vs_cutoff_chembl_measured_only	HDAC6	19	10	-9	9	False
四逆汤	evidence_gated_vs_cutoff_chembl_measured_only	HMGB1	27	39	12	12	False
四逆汤	evidence_gated_vs_cutoff_chembl_measured_only	HSD11B1	4	2	-2	2	True
四逆汤	evidence_gated_vs_cutoff_chembl_measured_only	HSD11B2	11	1	-10	10	False
四逆汤	evidence_gated_vs_cutoff_chembl_measured_only	HSD17B1	22	18	-4	4	False
四逆汤	evidence_gated_vs_cutoff_chembl_measured_only	HSD17B2	21	13	-8	8	False
四逆汤	evidence_gated_vs_cutoff_chembl_measured_only	HTR1A	31	30	-1	1	False
四逆汤	evidence_gated_vs_cutoff_chembl_measured_only	IL2	25	23	-2	2	False
四逆汤	evidence_gated_vs_cutoff_chembl_measured_only	LTA4H	30	29	-1	1	False
四逆汤	evidence_gated_vs_cutoff_chembl_measured_only	MAOA	33	32	-1	1	False
四逆汤	evidence_gated_vs_cutoff_chembl_measured_only	MAOB	10	25	15	15	False
四逆汤	evidence_gated_vs_cutoff_chembl_measured_only	MMP1	16	7	-9	9	False
四逆汤	evidence_gated_vs_cutoff_chembl_measured_only	MMP13	15	6	-9	9	False
四逆汤	evidence_gated_vs_cutoff_chembl_measured_only	MMP2	13	4	-9	9	False
四逆汤	evidence_gated_vs_cutoff_chembl_measured_only	MMP3	17	8	-9	9	False
四逆汤	evidence_gated_vs_cutoff_chembl_measured_only	MMP7	12	3	-9	9	False
四逆汤	evidence_gated_vs_cutoff_chembl_measured_only	MMP9	14	5	-9	9	False
四逆汤	evidence_gated_vs_cutoff_chembl_measured_only	NLRP3	2	14	12	12	False
四逆汤	evidence_gated_vs_cutoff_chembl_measured_only	P4HB	35	34	-1	1	False
四逆汤	evidence_gated_vs_cutoff_chembl_measured_only	PSMB5	24	22	-2	2	False
四逆汤	evidence_gated_vs_cutoff_chembl_measured_only	TDP1	36	35	-1	1	False
四逆汤	evidence_gated_vs_cutoff_chembl_measured_only	TRPV1	1	11	10	10	False
二陈汤	evidence_gated_vs_ungated_union	ABCA1	36	36	0	0	False
二陈汤	evidence_gated_vs_ungated_union	ABCB1	23	13	-10	10	False
二陈汤	evidence_gated_vs_ungated_union	ABCG2	4	9	5	5	True
二陈汤	evidence_gated_vs_ungated_union	AKR1B1	15	16	1	1	False
二陈汤	evidence_gated_vs_ungated_union	APP	26	27	1	1	False
二陈汤	evidence_gated_vs_ungated_union	BACE1	28	30	2	2	False
二陈汤	evidence_gated_vs_ungated_union	CALM1	31	33	2	2	False
二陈汤	evidence_gated_vs_ungated_union	CDKAL1	37	37	0	0	False
二陈汤	evidence_gated_vs_ungated_union	CDKN1A	38	38	0	0	False
二陈汤	evidence_gated_vs_ungated_union	CETP	39	39	0	0	False
二陈汤	evidence_gated_vs_ungated_union	CHRNA7	24	25	1	1	False
二陈汤	evidence_gated_vs_ungated_union	CYP19A1	3	8	5	5	True
二陈汤	evidence_gated_vs_ungated_union	CYP1B1	20	22	2	2	False
二陈汤	evidence_gated_vs_ungated_union	ECD	34	19	-15	15	False
二陈汤	evidence_gated_vs_ungated_union	ESR1	1	12	11	11	False
二陈汤	evidence_gated_vs_ungated_union	ESR2	13	14	1	1	False
二陈汤	evidence_gated_vs_ungated_union	GSK3B	33	35	2	2	False
二陈汤	evidence_gated_vs_ungated_union	HDAC6	14	15	1	1	False
二陈汤	evidence_gated_vs_ungated_union	HMGB1	32	34	2	2	False
二陈汤	evidence_gated_vs_ungated_union	HSD11B1	2	1	-1	1	True
二陈汤	evidence_gated_vs_ungated_union	HSD11B2	6	2	-4	4	True
二陈汤	evidence_gated_vs_ungated_union	HSD17B1	19	21	2	2	False
二陈汤	evidence_gated_vs_ungated_union	HSD17B2	16	17	1	1	False
二陈汤	evidence_gated_vs_ungated_union	IL2	22	24	2	2	False
二陈汤	evidence_gated_vs_ungated_union	IRS1	40	40	0	0	False
二陈汤	evidence_gated_vs_ungated_union	KDM1A	25	26	1	1	False
二陈汤	evidence_gated_vs_ungated_union	LDLR	41	41	0	0	False
二陈汤	evidence_gated_vs_ungated_union	LPL	42	42	0	0	False
二陈汤	evidence_gated_vs_ungated_union	MAOA	27	29	2	2	False
二陈汤	evidence_gated_vs_ungated_union	MAOB	5	10	5	5	True
二陈汤	evidence_gated_vs_ungated_union	MAPK1	43	43	0	0	False
二陈汤	evidence_gated_vs_ungated_union	MAPK14	44	44	0	0	False
二陈汤	evidence_gated_vs_ungated_union	MAPK3	45	45	0	0	False
二陈汤	evidence_gated_vs_ungated_union	MMP1	11	7	-4	4	False
二陈汤	evidence_gated_vs_ungated_union	MMP13	10	6	-4	4	True
二陈汤	evidence_gated_vs_ungated_union	MMP2	8	3	-5	5	True
二陈汤	evidence_gated_vs_ungated_union	MMP3	12	11	-1	1	False
二陈汤	evidence_gated_vs_ungated_union	MMP7	7	4	-3	3	True
二陈汤	evidence_gated_vs_ungated_union	MMP9	9	5	-4	4	True
二陈汤	evidence_gated_vs_ungated_union	NLRP3	18	20	2	2	False
二陈汤	evidence_gated_vs_ungated_union	P4HB	29	31	2	2	False
二陈汤	evidence_gated_vs_ungated_union	PGC	46	46	0	0	False
二陈汤	evidence_gated_vs_ungated_union	PKM	17	18	1	1	False
二陈汤	evidence_gated_vs_ungated_union	PSMB5	21	23	2	2	False
二陈汤	evidence_gated_vs_ungated_union	RELA	47	47	0	0	False
二陈汤	evidence_gated_vs_ungated_union	STAT3	35	28	-7	7	False
二陈汤	evidence_gated_vs_ungated_union	TDP1	30	32	2	2	False
二陈汤	evidence_gated_vs_ungated_union	TP53	48	48	0	0	False
二陈汤	evidence_gated_vs_ungated_union	VLDLR	49	49	0	0	False
二陈汤	evidence_gated_vs_cutoff_chembl_measured_only	ABCB1	23	23	0	0	False
二陈汤	evidence_gated_vs_cutoff_chembl_measured_only	ABCG2	4	19	15	15	False
二陈汤	evidence_gated_vs_cutoff_chembl_measured_only	AKR1B1	15	11	-4	4	False
二陈汤	evidence_gated_vs_cutoff_chembl_measured_only	APP	26	26	0	0	False
二陈汤	evidence_gated_vs_cutoff_chembl_measured_only	BACE1	28	28	0	0	False
二陈汤	evidence_gated_vs_cutoff_chembl_measured_only	CALM1	31	31	0	0	False
二陈汤	evidence_gated_vs_cutoff_chembl_measured_only	CHRNA7	24	24	0	0	False
二陈汤	evidence_gated_vs_cutoff_chembl_measured_only	CYP19A1	3	15	12	12	False
二陈汤	evidence_gated_vs_cutoff_chembl_measured_only	CYP1B1	20	18	-2	2	False
二陈汤	evidence_gated_vs_cutoff_chembl_measured_only	ESR1	1	16	15	15	False
二陈汤	evidence_gated_vs_cutoff_chembl_measured_only	ESR2	13	9	-4	4	False
二陈汤	evidence_gated_vs_cutoff_chembl_measured_only	GSK3B	33	33	0	0	False
二陈汤	evidence_gated_vs_cutoff_chembl_measured_only	HDAC6	14	10	-4	4	False
二陈汤	evidence_gated_vs_cutoff_chembl_measured_only	HMGB1	32	32	0	0	False
二陈汤	evidence_gated_vs_cutoff_chembl_measured_only	HSD11B1	2	2	0	0	True
二陈汤	evidence_gated_vs_cutoff_chembl_measured_only	HSD11B2	6	1	-5	5	True
二陈汤	evidence_gated_vs_cutoff_chembl_measured_only	HSD17B1	19	17	-2	2	False
二陈汤	evidence_gated_vs_cutoff_chembl_measured_only	HSD17B2	16	12	-4	4	False
二陈汤	evidence_gated_vs_cutoff_chembl_measured_only	IL2	22	21	-1	1	False
二陈汤	evidence_gated_vs_cutoff_chembl_measured_only	KDM1A	25	25	0	0	False
二陈汤	evidence_gated_vs_cutoff_chembl_measured_only	MAOA	27	27	0	0	False
二陈汤	evidence_gated_vs_cutoff_chembl_measured_only	MAOB	5	22	17	17	False
二陈汤	evidence_gated_vs_cutoff_chembl_measured_only	MMP1	11	7	-4	4	False
二陈汤	evidence_gated_vs_cutoff_chembl_measured_only	MMP13	10	6	-4	4	True
二陈汤	evidence_gated_vs_cutoff_chembl_measured_only	MMP2	8	4	-4	4	True
二陈汤	evidence_gated_vs_cutoff_chembl_measured_only	MMP3	12	8	-4	4	False
二陈汤	evidence_gated_vs_cutoff_chembl_measured_only	MMP7	7	3	-4	4	True
二陈汤	evidence_gated_vs_cutoff_chembl_measured_only	MMP9	9	5	-4	4	True
二陈汤	evidence_gated_vs_cutoff_chembl_measured_only	NLRP3	18	14	-4	4	False
二陈汤	evidence_gated_vs_cutoff_chembl_measured_only	P4HB	29	29	0	0	False
二陈汤	evidence_gated_vs_cutoff_chembl_measured_only	PKM	17	13	-4	4	False
二陈汤	evidence_gated_vs_cutoff_chembl_measured_only	PSMB5	21	20	-1	1	False
二陈汤	evidence_gated_vs_cutoff_chembl_measured_only	TDP1	30	30	0	0	False
黄连解毒汤	evidence_gated_vs_ungated_union	ABCB1	40	47	7	7	False
黄连解毒汤	evidence_gated_vs_ungated_union	ACHE	6	5	-1	1	True
黄连解毒汤	evidence_gated_vs_ungated_union	ACTB	51	49	-2	2	False
黄连解毒汤	evidence_gated_vs_ungated_union	AKR1B1	8	8	0	0	True
黄连解毒汤	evidence_gated_vs_ungated_union	AKR1B10	21	27	6	6	False
黄连解毒汤	evidence_gated_vs_ungated_union	AKR1C2	20	26	6	6	False
黄连解毒汤	evidence_gated_vs_ungated_union	AKR1C3	19	24	5	5	False
黄连解毒汤	evidence_gated_vs_ungated_union	AKT1	47	35	-12	12	False
黄连解毒汤	evidence_gated_vs_ungated_union	ALOX12	11	12	1	1	False
黄连解毒汤	evidence_gated_vs_ungated_union	ALOX15	10	11	1	1	False
黄连解毒汤	evidence_gated_vs_ungated_union	APP	27	25	-2	2	False
黄连解毒汤	evidence_gated_vs_ungated_union	ASAH1	52	50	-2	2	False
黄连解毒汤	evidence_gated_vs_ungated_union	BCHE	12	13	1	1	False
黄连解毒汤	evidence_gated_vs_ungated_union	CASP3	45	22	-23	23	False
黄连解毒汤	evidence_gated_vs_ungated_union	CCR2	53	51	-2	2	False
黄连解毒汤	evidence_gated_vs_ungated_union	CD207	54	52	-2	2	False
黄连解毒汤	evidence_gated_vs_ungated_union	CD28	55	53	-2	2	False
黄连解毒汤	evidence_gated_vs_ungated_union	CD36	56	54	-2	2	False
黄连解毒汤	evidence_gated_vs_ungated_union	CD44	57	55	-2	2	False
黄连解毒汤	evidence_gated_vs_ungated_union	CD80	58	56	-2	2	False
黄连解毒汤	evidence_gated_vs_ungated_union	CD86	59	57	-2	2	False
黄连解毒汤	evidence_gated_vs_ungated_union	CDK2	15	17	2	2	False
黄连解毒汤	evidence_gated_vs_ungated_union	CDK9	7	7	0	0	True
黄连解毒汤	evidence_gated_vs_ungated_union	CRP	60	58	-2	2	False
黄连解毒汤	evidence_gated_vs_ungated_union	CSH1	61	59	-2	2	False
黄连解毒汤	evidence_gated_vs_ungated_union	CSNK2A1	25	31	6	6	False
黄连解毒汤	evidence_gated_vs_ungated_union	CXCL8	41	48	7	7	False
黄连解毒汤	evidence_gated_vs_ungated_union	CYP1A1	14	16	2	2	False
黄连解毒汤	evidence_gated_vs_ungated_union	CYP1A2	35	42	7	7	False
黄连解毒汤	evidence_gated_vs_ungated_union	CYP1B1	3	2	-1	1	True
黄连解毒汤	evidence_gated_vs_ungated_union	CYP3A4	24	30	6	6	False
黄连解毒汤	evidence_gated_vs_ungated_union	EBP	62	60	-2	2	False
黄连解毒汤	evidence_gated_vs_ungated_union	EGFR	63	61	-2	2	False
黄连解毒汤	evidence_gated_vs_ungated_union	FBP1	37	44	7	7	False
黄连解毒汤	evidence_gated_vs_ungated_union	FOS	64	62	-2	2	False
黄连解毒汤	evidence_gated_vs_ungated_union	GABRA1	2	4	2	2	True
黄连解毒汤	evidence_gated_vs_ungated_union	GLO1	31	34	3	3	False
黄连解毒汤	evidence_gated_vs_ungated_union	GPR35	29	32	3	3	False
黄连解毒汤	evidence_gated_vs_ungated_union	GRIN1	65	63	-2	2	False
黄连解毒汤	evidence_gated_vs_ungated_union	GRK6	23	29	6	6	False
黄连解毒汤	evidence_gated_vs_ungated_union	GRP	66	64	-2	2	False
黄连解毒汤	evidence_gated_vs_ungated_union	HDAC6	13	14	1	1	False
黄连解毒汤	evidence_gated_vs_ungated_union	HRH4	67	65	-2	2	False
黄连解毒汤	evidence_gated_vs_ungated_union	JAK1	48	36	-12	12	False
黄连解毒汤	evidence_gated_vs_ungated_union	JAK2	68	66	-2	2	False
黄连解毒汤	evidence_gated_vs_ungated_union	KCNH2	42	79	37	37	False
黄连解毒汤	evidence_gated_vs_ungated_union	KDM1A	1	1	0	0	True
黄连解毒汤	evidence_gated_vs_ungated_union	KDM4E	18	21	3	3	False
黄连解毒汤	evidence_gated_vs_ungated_union	LDLR	69	67	-2	2	False
黄连解毒汤	evidence_gated_vs_ungated_union	LOX	70	68	-2	2	False
黄连解毒汤	evidence_gated_vs_ungated_union	LPL	71	69	-2	2	False
黄连解毒汤	evidence_gated_vs_ungated_union	MMP9	72	70	-2	2	False
黄连解毒汤	evidence_gated_vs_ungated_union	MPO	73	71	-2	2	False
黄连解毒汤	evidence_gated_vs_ungated_union	NLRP3	49	37	-12	12	False
黄连解毒汤	evidence_gated_vs_ungated_union	NOS2	74	72	-2	2	False
黄连解毒汤	evidence_gated_vs_ungated_union	NOS3	75	73	-2	2	False
黄连解毒汤	evidence_gated_vs_ungated_union	NR3C1	34	41	7	7	False
黄连解毒汤	evidence_gated_vs_ungated_union	PGR	33	40	7	7	False
黄连解毒汤	evidence_gated_vs_ungated_union	PKM	16	18	2	2	False
黄连解毒汤	evidence_gated_vs_ungated_union	PLK1	5	9	4	4	True
黄连解毒汤	evidence_gated_vs_ungated_union	PPARA	9	10	1	1	True
黄连解毒汤	evidence_gated_vs_ungated_union	PPARD	32	39	7	7	False
黄连解毒汤	evidence_gated_vs_ungated_union	PREP	28	15	-13	13	False
黄连解毒汤	evidence_gated_vs_ungated_union	PTGS1	36	43	7	7	False
黄连解毒汤	evidence_gated_vs_ungated_union	PTGS2	26	20	-6	6	False
黄连解毒汤	evidence_gated_vs_ungated_union	PTPN1	4	3	-1	1	True
黄连解毒汤	evidence_gated_vs_ungated_union	PTPN2	43	80	37	37	False
黄连解毒汤	evidence_gated_vs_ungated_union	PTPRS	30	33	3	3	False
黄连解毒汤	evidence_gated_vs_ungated_union	RAP1A	76	74	-2	2	False
黄连解毒汤	evidence_gated_vs_ungated_union	SI	38	45	7	7	False
黄连解毒汤	evidence_gated_vs_ungated_union	SNCA	22	28	6	6	False
黄连解毒汤	evidence_gated_vs_ungated_union	SPR	77	75	-2	2	False
黄连解毒汤	evidence_gated_vs_ungated_union	STAT3	50	38	-12	12	False
黄连解毒汤	evidence_gated_vs_ungated_union	TERT	39	46	7	7	False
黄连解毒汤	evidence_gated_vs_ungated_union	TLR4	46	23	-23	23	False
黄连解毒汤	evidence_gated_vs_ungated_union	TNF	44	6	-38	38	False
黄连解毒汤	evidence_gated_vs_ungated_union	TSLP	78	76	-2	2	False
黄连解毒汤	evidence_gated_vs_ungated_union	VEGFA	79	77	-2	2	False
黄连解毒汤	evidence_gated_vs_ungated_union	VHL	80	78	-2	2	False
黄连解毒汤	evidence_gated_vs_ungated_union	XDH	17	19	2	2	False
黄连解毒汤	evidence_gated_vs_cutoff_chembl_measured_only	ABCB1	40	38	-2	2	False
黄连解毒汤	evidence_gated_vs_cutoff_chembl_measured_only	ACHE	6	3	-3	3	True
黄连解毒汤	evidence_gated_vs_cutoff_chembl_measured_only	AKR1B1	8	5	-3	3	True
黄连解毒汤	evidence_gated_vs_cutoff_chembl_measured_only	AKR1B10	21	21	0	0	False
黄连解毒汤	evidence_gated_vs_cutoff_chembl_measured_only	AKR1C2	20	20	0	0	False
黄连解毒汤	evidence_gated_vs_cutoff_chembl_measured_only	AKR1C3	19	19	0	0	False
黄连解毒汤	evidence_gated_vs_cutoff_chembl_measured_only	ALOX12	11	8	-3	3	False
黄连解毒汤	evidence_gated_vs_cutoff_chembl_measured_only	ALOX15	10	7	-3	3	True
黄连解毒汤	evidence_gated_vs_cutoff_chembl_measured_only	APP	27	43	16	16	False
黄连解毒汤	evidence_gated_vs_cutoff_chembl_measured_only	BCHE	12	9	-3	3	False
黄连解毒汤	evidence_gated_vs_cutoff_chembl_measured_only	CDK2	15	12	-3	3	False
黄连解毒汤	evidence_gated_vs_cutoff_chembl_measured_only	CDK9	7	4	-3	3	True
黄连解毒汤	evidence_gated_vs_cutoff_chembl_measured_only	CSNK2A1	25	25	0	0	False
黄连解毒汤	evidence_gated_vs_cutoff_chembl_measured_only	CXCL8	41	40	-1	1	False
黄连解毒汤	evidence_gated_vs_cutoff_chembl_measured_only	CYP1A1	14	11	-3	3	False
黄连解毒汤	evidence_gated_vs_cutoff_chembl_measured_only	CYP1A2	35	33	-2	2	False
黄连解毒汤	evidence_gated_vs_cutoff_chembl_measured_only	CYP1B1	3	1	-2	2	True
黄连解毒汤	evidence_gated_vs_cutoff_chembl_measured_only	CYP3A4	24	24	0	0	False
黄连解毒汤	evidence_gated_vs_cutoff_chembl_measured_only	FBP1	37	35	-2	2	False
黄连解毒汤	evidence_gated_vs_cutoff_chembl_measured_only	GABRA1	2	14	12	12	False
黄连解毒汤	evidence_gated_vs_cutoff_chembl_measured_only	GLO1	31	28	-3	3	False
黄连解毒汤	evidence_gated_vs_cutoff_chembl_measured_only	GPR35	29	26	-3	3	False
黄连解毒汤	evidence_gated_vs_cutoff_chembl_measured_only	GRK6	23	23	0	0	False
黄连解毒汤	evidence_gated_vs_cutoff_chembl_measured_only	HDAC6	13	10	-3	3	False
黄连解毒汤	evidence_gated_vs_cutoff_chembl_measured_only	KCNH2	42	41	-1	1	False
黄连解毒汤	evidence_gated_vs_cutoff_chembl_measured_only	KDM1A	1	16	15	15	False
黄连解毒汤	evidence_gated_vs_cutoff_chembl_measured_only	KDM4E	18	17	-1	1	False
黄连解毒汤	evidence_gated_vs_cutoff_chembl_measured_only	NR3C1	34	32	-2	2	False
黄连解毒汤	evidence_gated_vs_cutoff_chembl_measured_only	PGR	33	31	-2	2	False
黄连解毒汤	evidence_gated_vs_cutoff_chembl_measured_only	PKM	16	13	-3	3	False
黄连解毒汤	evidence_gated_vs_cutoff_chembl_measured_only	PLK1	5	18	13	13	False
黄连解毒汤	evidence_gated_vs_cutoff_chembl_measured_only	PPARA	9	6	-3	3	True
黄连解毒汤	evidence_gated_vs_cutoff_chembl_measured_only	PPARD	32	30	-2	2	False
黄连解毒汤	evidence_gated_vs_cutoff_chembl_measured_only	PREP	28	29	1	1	False
黄连解毒汤	evidence_gated_vs_cutoff_chembl_measured_only	PTGS1	36	34	-2	2	False
黄连解毒汤	evidence_gated_vs_cutoff_chembl_measured_only	PTGS2	26	39	13	13	False
黄连解毒汤	evidence_gated_vs_cutoff_chembl_measured_only	PTPN1	4	2	-2	2	True
黄连解毒汤	evidence_gated_vs_cutoff_chembl_measured_only	PTPN2	43	42	-1	1	False
黄连解毒汤	evidence_gated_vs_cutoff_chembl_measured_only	PTPRS	30	27	-3	3	False
黄连解毒汤	evidence_gated_vs_cutoff_chembl_measured_only	SI	38	36	-2	2	False
黄连解毒汤	evidence_gated_vs_cutoff_chembl_measured_only	SNCA	22	22	0	0	False
黄连解毒汤	evidence_gated_vs_cutoff_chembl_measured_only	TERT	39	37	-2	2	False
黄连解毒汤	evidence_gated_vs_cutoff_chembl_measured_only	XDH	17	15	-2	2	False
