formula	pmid	canonical_date	canonical_year	naive_year	journal_issue_date	canonical_vs_naive_year_disagree	canonical_vs_issue_year_disagree	boundary_crossing_naive_vs_canonical	date_status
二陈汤	40446578	2025-05-20	2025	2025	2025-07-25	False	False	False	estimable
二陈汤	39954622	2025-02-09	2025	2025	2025-04	False	False	False	estimable
二陈汤	40615099	2025-07-02	2025	2025	2025-09-25	False	False	False	estimable
二陈汤	40617365	2025-07-04	2025	2025	2025-08-29	False	False	False	estimable
二陈汤	41304952	2025-11-11	2025	2025	2025-11-11	False	False	False	estimable
二陈汤	35844447	2022-07-06	2022	2022	2022	False	False	False	estimable
二陈汤	40772014	2025-08-05	2025	2025	2025-08	False	False	False	estimable
二陈汤	37838297	2023-10-13	2023	2023	2024-01-30	False	True	False	estimable
二陈汤	40617360	2025-07-03	2025	2025	2025-08-29	False	False	False	estimable
二陈汤	37087794	2023-04-06	2023	2023	2023-07	False	False	False	estimable
二陈汤	37078067	2023-04-10	2023	2023	2023	False	False	False	estimable
二陈汤	26504476	2015-10-04	2015	2015	2015	False	False	False	estimable
二陈汤	41116265	2025-10-15	2025	2025	2025-10-15	False	False	False	estimable
二陈汤	37712264	2023-08-20	2023	2023	2023-08-20	False	False	False	estimable
二陈汤	38845538	2024	2024	2024	2024	False	False	False	estimable
二陈汤	38621978	2024-03	2024	2024	2024-03	False	False	False	estimable
二陈汤	39151493	2024-08-16	2024	2024	2024-08-16	False	False	False	estimable
二陈汤	32007633	2020-01-31	2020	2020	2020-06-28	False	False	False	estimable
二陈汤	37037084	2023-03-30	2023	2023	2023-06	False	False	False	estimable
二陈汤	37986321	2023-11-17	2023	2023	2023-11-17	False	False	False	estimable
二陈汤	37336336	2023-06-17	2023	2023	2023-12-05	False	False	False	estimable
二陈汤	33653242	2022	2022	2022	2022	False	False	False	estimable
二陈汤	37274103	2023-05-19	2023	2023	2023	False	False	False	estimable
二陈汤	38621880	2024-02	2024	2024	2024-02	False	False	False	estimable
二陈汤	35392646	2022-03-29	2022	2022	2022	False	False	False	estimable
二陈汤	40348241	2025-05-08	2025	2025	2025-06	False	False	False	estimable
二陈汤	36313338	2022-10-13	2022	2022	2022	False	False	False	estimable
二陈汤	34366839	2021-07-22	2021	2021	2021	False	False	False	estimable
二陈汤	28630632	2017-05-29	2017	2017	2017	False	False	False	estimable
二陈汤	32256662	2020-03-10	2020	2020	2020	False	False	False	estimable
二陈汤	34536264	2021-09-18	2021	2021	2021-11	False	False	False	estimable
二陈汤	31088684	2019-04-24	2019	2019	2020-08	False	True	False	estimable
二陈汤	32382281	2020-04-22	2020	2020	2020	False	False	False	estimable
二陈汤	30402126	2018-10-08	2018	2018	2018	False	False	False	estimable
二陈汤	35795265	2022-06-25	2022	2022	2022	False	False	False	estimable
八珍汤	37799727	2023-09-20	2023	2023	2023	False	False	False	estimable
八珍汤	38163559	2023-12-30	2023	2023	2024-04-06	False	True	False	estimable
八珍汤	25222049	2014-09-15	2014	2014	2014	False	False	False	estimable
八珍汤	39821540	2025-01	2025	2025	2025-01	False	False	False	estimable
八珍汤	37478218	2023-07-21	2023	2023	2023-07-21	False	False	False	estimable
八珍汤	28459513	2016-08	2016	2016	2016-08	False	False	False	estimable
八珍汤	36247864	2022-09-28	2022	2022	2022	False	False	False	estimable
八珍汤	30814073	2019-01	2019	2019	2019-01	False	False	False	estimable
八珍汤	17370502	2007-02	2007	2007	2007-02	False	False	False	estimable
六君子汤	41344517	2025-12-02	2025	2025	2026-03-01	False	True	False	estimable
六君子汤	40466880	2025-06-02	2025	2025	2025-07-24	False	False	False	estimable
六君子汤	38882295	2024-05-22	2024	2024	2024-06-15	False	False	False	estimable
六君子汤	38403322	2024-01	2024	2024	2024-01	False	False	False	estimable
六君子汤	41069602	2025-09-24	2025	2025	2025	False	False	False	estimable
六君子汤	39701680	2024-09	2024	2024	2024-09	False	False	False	estimable
六君子汤	27660011	2016-09-19	2016	2016	2016-12-04	False	False	False	estimable
六君子汤	35294130	2022-02	2022	2022	2022-02	False	False	False	estimable
六君子汤	28920352	2016-08	2016	2016	2016-08	False	False	False	estimable
六君子汤	40342036	2025-05-09	2025	2025	2025-11	False	False	False	estimable
六君子汤	38415453	2024	2024	2024	2024	False	False	False	estimable
六君子汤	40258725	2025-04-18	2025	2025	2025-04-18	False	False	False	estimable
六君子汤	41508247	2025-10	2025	2025	2025-10	False	False	False	estimable
六君子汤	38096029	2023-12-10	2023	2023	2023-12-10	False	False	False	estimable
六君子汤	36701994	2023-01-13	2023	2023	2023-03	False	False	False	estimable
六君子汤	37308030	2023-06-10	2023	2023	2024-01-30	False	True	False	estimable
六君子汤	34800646	2021-11-17	2021	2021	2022-03-01	False	True	False	estimable
六君子汤	24761646	2014-01	2014	2014	2014-01	False	False	False	estimable
六君子汤	34630778	2021-09-29	2021	2021	2021	False	False	False	estimable
六君子汤	35963194	2022-08-06	2022	2022	2022-10	False	False	False	estimable
六君子汤	40461233	2025-04	2025	2025	2025-04	False	False	False	estimable
六君子汤	39534925	2024-11-13	2024	2024	2026-04	False	True	False	estimable
六君子汤	33645139	2021-01	2021	2021	2021-01	False	False	False	estimable
六君子汤	39002822	2024-07-14	2024	2024	2024-11-15	False	False	False	estimable
六君子汤	17650797	2007-05	2007	2007	2007-05	False	False	False	estimable
六君子汤	11783231	1999-08	1999	1999	1999-08	False	False	False	estimable
六味地黄丸	37416191	2023-06-28	2023	2023	2023	False	False	False	estimable
六味地黄丸	37861542	2023-10-20	2023	2023	2023-10-20	False	False	False	estimable
六味地黄丸	38350506	2024-02-11	2024	2024	2024-05-10	False	False	False	estimable
六味地黄丸	33588742	2022	2022	2022	2022	False	False	False	estimable
六味地黄丸	35341010	2022-03-15	2022	2022	2022	False	False	False	estimable
六味地黄丸	40457356	2025-06-02	2025	2025	2025-06-02	False	False	False	estimable
六味地黄丸	36624462	2023-01-09	2023	2023	2023-01-09	False	False	False	estimable
六味地黄丸	40388786	2025-05-16	2025	2025	2025-05-16	False	False	False	estimable
六味地黄丸	36451445	2022-11-25	2022	2022	2022-11-25	False	False	False	estimable
六味地黄丸	36401375	2022-11-18	2022	2022	2022-11-18	False	False	False	estimable
六味地黄丸	31610261	2019-10-11	2019	2019	2020-01-30	False	True	False	estimable
六味地黄丸	39470545	2024-10-25	2024	2024	2024-10-25	False	False	False	estimable
六味地黄丸	28694663	2017-06-21	2017	2017	2017-06-21	False	False	False	estimable
六味地黄丸	35898725	2022-07-21	2022	2022	2022	False	False	False	estimable
六味地黄丸	32184563	2020-03-02	2020	2020	2020	False	False	False	estimable
六味地黄丸	32914833	2020-09-30	2020	2020	2020-09-30	False	False	False	estimable
六味地黄丸	37171332	2023-05-12	2023	2023	2023-05-12	False	False	False	estimable
六味地黄丸	38112463	2023-12-19	2023	2023	2024-12	False	True	False	estimable
六味地黄丸	30075554	2018-08	2018	2018	2018-08	False	False	False	estimable
六味地黄丸	35701780	2022-06-14	2022	2022	2022-06-14	False	False	False	estimable
六味地黄丸	27170349	2016-05-12	2016	2016	2018-06	False	True	False	estimable
六味地黄丸	36744132	2023-01-19	2023	2023	2023	False	False	False	estimable
六味地黄丸	32186153	2019-12	2019	2019	2019-12	False	False	False	estimable
六味地黄丸	37920210	2023-10-18	2023	2023	2023	False	False	False	estimable
六味地黄丸	28588237	2017-06-06	2017	2017	2017-06-06	False	False	False	estimable
六味地黄丸	12060523	2002-06	2002	2002	2002-06	False	False	False	estimable
六味地黄丸	28028720	2016-12-27	2016	2016	2018-06	False	True	False	estimable
六味地黄丸	16358411	2005-11	2005	2005	2005-11	False	False	False	estimable
六味地黄丸	31819371	2019-11-28	2019	2019	2019	False	False	False	estimable
六味地黄丸	15768870	2005-02	2005	2005	2005-02	False	False	False	estimable
六味地黄丸	28099346	2017-01	2017	2017	2017-01	False	False	False	estimable
六味地黄丸	37579922	2023-08-12	2023	2023	2024-01-10	False	True	False	estimable
六味地黄丸	27491224	2016-06	2016	2016	2016-06	False	False	False	estimable
六味地黄丸	35777608	2022-06-28	2022	2022	2022-10-05	False	False	False	estimable
六味地黄丸	34840588	2021-11-19	2021	2021	2021	False	False	False	estimable
六味地黄丸	20518312	2010-01	2010	2010	2010-01	False	False	False	estimable
六味地黄丸	7877343	1994-12	1994	1994	1994-12	False	False	False	estimable
六味地黄丸	29212201	2017-09-30	2017	2017	2017-11-07	False	False	False	estimable
六味地黄丸	23646486	2013-02	2013	2013	2013-02	False	False	False	estimable
六味地黄丸	21749830	2011-07	2011	2011	2011-07	False	False	False	estimable
六味地黄丸	25612423	2014-10	2014	2014	2014-10	False	False	False	estimable
六味地黄丸	29071866	2017-04	2017	2017	2017-04	False	False	False	estimable
四君子汤	36343798	2022-11-05	2022	2022	2023-02-10	False	True	False	estimable
四君子汤	38880400	2024-06-14	2024	2024	2024-10-28	False	False	False	estimable
四君子汤	38640860	2024-04-13	2024	2024	2024-07	False	False	False	estimable
四君子汤	41058947	2025-10-02	2025	2025	2025	False	False	False	estimable
四君子汤	39667552	2024-12-10	2024	2024	2025-03-01	False	True	False	estimable
四君子汤	37860400	2023-10-11	2023	2023	2023	False	False	False	estimable
四君子汤	40769438	2025-08-07	2025	2025	2025-09-25	False	False	False	estimable
四君子汤	37467821	2023-07-17	2023	2023	2024-01-10	False	True	False	estimable
四君子汤	39307787	2024-08	2024	2024	2024-08	False	False	False	estimable
四君子汤	38650625	2024-04-08	2024	2024	2024	False	False	False	estimable
四君子汤	38924132	2024-06-26	2024	2024	2024-09	False	False	False	estimable
四君子汤	37738796	2023-09-20	2023	2023	2023-11	False	False	False	estimable
四君子汤	41177238	2025-10-31	2025	2025	2026-02-10	False	True	False	estimable
四君子汤	40139576	2025-03-24	2025	2025	2025-04-25	False	False	False	estimable
四君子汤	36883990	2023-03-08	2023	2023	2023	False	False	False	estimable
四君子汤	37005850	2023-03	2023	2023	2023-03	False	False	False	estimable
四君子汤	33149755	2020-10-23	2020	2020	2020	False	False	False	estimable
四君子汤	41034986	2025-10-01	2025	2025	2025-10-01	False	False	False	estimable
四君子汤	41101549	2025-10-14	2025	2025	2026-01-30	False	True	False	estimable
四君子汤	40987866	2025-09-23	2025	2025	2025-12	False	False	False	estimable
四君子汤	40190808	2025-03-31	2025	2025	2025	False	False	False	estimable
四君子汤	32627468	2020-06	2020	2020	2020-06	False	False	False	estimable
四君子汤	41482090	2025-12-31	2025	2025	2026-04-06	False	True	False	estimable
四君子汤	41280323	2025-11-07	2025	2025	2025	False	False	False	estimable
四君子汤	36807552	2023-03-03	2023	2023	2023-04	False	False	False	estimable
四君子汤	39151516	2024-08-16	2024	2024	2024-08-16	False	False	False	estimable
四君子汤	35154614	2021-11-18	2021	2021	2021	False	False	False	estimable
四君子汤	36649851	2023-01-14	2023	2023	2023-04-24	False	False	False	estimable
四君子汤	40937418	2025-08-27	2025	2025	2025	False	False	False	estimable
四君子汤	28953987	2017-09-21	2017	2017	2017-09-21	False	False	False	estimable
四君子汤	30341759	2018-10-19	2018	2018	2021-05	False	True	False	estimable
四君子汤	36872360	2023	2023	2023	2023	False	False	False	estimable
四君子汤	36875431	2022-10-17	2022	2022	2023-01	False	True	False	estimable
四君子汤	37868820	2023-10-17	2023	2023	2023	False	False	False	estimable
四君子汤	37716489	2023-09-14	2023	2023	2024-01-30	False	True	False	estimable
四君子汤	30901661	2019-02-28	2019	2019	2019-05	False	False	False	estimable
四君子汤	30991106	2019-04-13	2019	2019	2019-06	False	False	False	estimable
四君子汤	37609865	2023-08-23	2023	2023	2023-11	False	False	False	estimable
四君子汤	31807568	2019-10	2019	2019	2019-10	False	False	False	estimable
四君子汤	33350195	2020-11	2020	2020	2020-11	False	False	False	estimable
四君子汤	30890515	2019-02-28	2019	2019	2019-02-28	False	False	False	estimable
四君子汤	36636604	2023-01-03	2023	2023	2023	False	False	False	estimable
四君子汤	39660000	2024-11-26	2024	2024	2024	False	False	False	estimable
四君子汤	33851227	2021-04-13	2021	2021	2021-05	False	False	False	estimable
四君子汤	38580190	2024-04-03	2024	2024	2024-07-15	False	False	False	estimable
四君子汤	37918551	2023-10-31	2023	2023	2024-01-30	False	True	False	estimable
四君子汤	37033783	2023-04-01	2023	2023	2023	False	False	False	estimable
四君子汤	38633631	2024-04-03	2024	2024	2024-04-15	False	False	False	estimable
四君子汤	38697408	2024-05-01	2024	2024	2024-09-15	False	False	False	estimable
四君子汤	31915457	2019-11-29	2019	2019	2019	False	False	False	estimable
四君子汤	35303006	2022-03-18	2022	2022	2022	False	False	False	estimable
四君子汤	39221016	2024-08-23	2024	2024	2024	False	False	False	estimable
四君子汤	36309112	2022-10-26	2022	2022	2023-02-10	False	True	False	estimable
四君子汤	17609919	2007-06	2007	2007	2007-06	False	False	False	estimable
四君子汤	37931831	2023-11-04	2023	2023	2024-01-30	False	True	False	estimable
四君子汤	35463069	2022-04-12	2022	2022	2022	False	False	False	estimable
四君子汤	29399136	2017-11-24	2017	2017	2018-02	False	True	False	estimable
四君子汤	35111070	2022-01-17	2022	2022	2021	False	True	False	estimable
四君子汤	40291867	2025-04-27	2025	2025	2025-04-27	False	False	False	estimable
四君子汤	28073341	2017-01-10	2017	2017	2017-01-10	False	False	False	estimable
四君子汤	30590199	2018-12-24	2018	2018	2019-04-06	False	True	False	estimable
四君子汤	36439829	2022-11-11	2022	2022	2022	False	False	False	estimable
四君子汤	35673907	2022-05-20	2022	2022	2022-05-20	False	False	False	estimable
四君子汤	34392655	2021-08	2021	2021	2021-08	False	False	False	estimable
四君子汤	28459513	2016-08	2016	2016	2016-08	False	False	False	estimable
四君子汤	36419729	2022-11-07	2022	2022	2022	False	False	False	estimable
四君子汤	28852730	2016-07-03	2016	2016	2016	False	False	False	estimable
四君子汤	33530172	2021-01-29	2021	2021	2021-01-29	False	False	False	estimable
四君子汤	26825084	2016-01-29	2016	2016	2017-06	False	True	False	estimable
四君子汤	12378617	2002-10	2002	2002	2002-10	False	False	False	estimable
四君子汤	34710756	2021-10-08	2021	2021	2021-12	False	False	False	estimable
四君子汤	34650613	2021-10-05	2021	2021	2021	False	False	False	estimable
四君子汤	30132595	2016-04	2016	2016	2016-04	False	False	False	estimable
四君子汤	40896353	2025-08-07	2025	2025	2025-12	False	False	False	estimable
四君子汤	30018481	2018-07-14	2018	2018	2018-07-14	False	False	False	estimable
四君子汤	28866044	2017-09-01	2017	2017	2018-01-10	False	True	False	estimable
四君子汤	27062830	2015-10	2015	2015	2015-10	False	False	False	estimable
四君子汤	34603476	2021-09-22	2021	2021	2021	False	False	False	estimable
四君子汤	28752861	2017-07-28	2017	2017	2017-09	False	False	False	estimable
四君子汤	23596817	2013-02	2013	2013	2013-02	False	False	False	estimable
四君子汤	27347409	2016-05-16	2016	2016	2016-07	False	False	False	estimable
四君子汤	29890316	2018-06-15	2018	2018	2018-10-05	False	False	False	estimable
四君子汤	31572528	2019-08-13	2019	2019	2019-10	False	False	False	estimable
四君子汤	35139871	2022-02-09	2022	2022	2022-02-09	False	False	False	estimable
四君子汤	26390661	2015-05	2015	2015	2015-05	False	False	False	estimable
四君子汤	26495660	2015-03	2015	2015	2015-03	False	False	False	estimable
四君子汤	30209912	2016-09	2016	2016	2016-09	False	False	False	estimable
四君子汤	22734417	2012-01	2012	2012	2012-01	False	False	False	estimable
四君子汤	24432683	2013-10	2013	2013	2013-10	False	False	False	estimable
四君子汤	26677678	2015-10	2015	2015	2015-10	False	False	False	estimable
四君子汤	9812652	1997-01	1997	1997	1997-01	False	False	False	estimable
四君子汤	19960982	2009-09	2009	2009	2009-09	False	False	False	estimable
四君子汤	11789191	2000-08	2000	2000	2000-08	False	False	False	estimable
四君子汤	16398424	2005-12	2005	2005	2005-12	False	False	False	estimable
四君子汤	25518106	2014-10	2014	2014	2014-10	False	False	False	estimable
四君子汤	29071867	2017-04	2017	2017	2017-04	False	False	False	estimable
四君子汤	24432686	2013-10	2013	2013	2013-10	False	False	False	estimable
四君子汤	15383256	2004-09	2004	2004	2004-09	False	False	False	estimable
四君子汤	8136649	1993-12	1993	1993	1993-12	False	False	False	estimable
四君子汤	22471142	2012-03	2012	2012	2012-03	False	False	False	estimable
四君子汤	21144463	2010-12	2010	2010	2010-12	False	False	False	estimable
四物汤	40963918	2025-08-11	2025	2025	2025	False	False	False	estimable
四物汤	39954622	2025-02-09	2025	2025	2025-04	False	False	False	estimable
四物汤	39515108	2024-02-01	2024	2024	2024-12	False	False	False	estimable
四物汤	39084183	2024-07-25	2024	2024	2024-10	False	False	False	estimable
四物汤	41027741	2025-09-30	2025	2025	2025-12	False	False	False	estimable
四物汤	40414577	2025-05-23	2025	2025	2025-06-26	False	False	False	estimable
四物汤	41429385	2025-12-20	2025	2025	2026-03-25	False	True	False	estimable
四物汤	40653039	2025-07-11	2025	2025	2025-09-25	False	False	False	estimable
四物汤	38213245	2024-02	2024	2024	2024-02	False	False	False	estimable
四物汤	37142144	2023-05-02	2023	2023	2023-10-05	False	False	False	estimable
四物汤	38751973	2024-04-30	2024	2024	2024	False	False	False	estimable
四物汤	39626448	2024-11-28	2024	2024	2025-01	False	True	False	estimable
四物汤	41029156	2025-09-26	2025	2025	2025-09-26	False	False	False	estimable
四物汤	33424599	2020-12-08	2020	2020	2020	False	False	False	estimable
四物汤	41019540	2025-09-11	2025	2025	2025	False	False	False	estimable
四物汤	37342242	2023-06-05	2023	2023	2023	False	False	False	estimable
四物汤	39639367	2024-12-06	2024	2024	2024-12-06	False	False	False	estimable
四物汤	40661312	2025-06-30	2025	2025	2025	False	False	False	estimable
四物汤	35754465	2022-06-08	2022	2022	2022	False	False	False	estimable
四物汤	27507200	2016-07	2016	2016	2016-07	False	False	False	estimable
四物汤	39219817	2024-08-27	2024	2024	2024	False	False	False	estimable
四物汤	41265218	2025-11-19	2025	2025	2026-01-01	False	True	False	estimable
四物汤	39566864	2024-11-19	2024	2024	2025-01-13	False	True	False	estimable
四物汤	37294373	2023-06-09	2023	2023	2023-05	False	False	False	estimable
四物汤	39467910	2024-10-28	2024	2024	2024-12	False	False	False	estimable
四物汤	39781735	2025	2025	2025	2025	False	False	False	estimable
四物汤	36193143	2022-09-20	2022	2022	2022	False	False	False	estimable
四物汤	38824979	2024-05-31	2024	2024	2024-10-28	False	False	False	estimable
四物汤	33041788	2020-09-11	2020	2020	2020	False	False	False	estimable
四物汤	37533095	2023-08-02	2023	2023	2023-08-02	False	False	False	estimable
四物汤	38462929	2024	2024	2024	2024	False	False	False	estimable
四物汤	36726841	2023-01-23	2023	2023	2023	False	False	False	estimable
四物汤	33563883	2021-02-09	2021	2021	2021-04-01	False	False	False	estimable
四物汤	39270591	2024-08-31	2024	2024	2024-11	False	False	False	estimable
四物汤	38042386	2023-11-30	2023	2023	2024-03-01	False	True	False	estimable
四物汤	38962303	2024-06-18	2024	2024	2024	False	False	False	estimable
四物汤	31666500	2019-10-31	2019	2019	2019-10-31	False	False	False	estimable
四物汤	39145055	2024-07-26	2024	2024	2024-07-31	False	False	False	estimable
四物汤	32038266	2020-01-24	2020	2020	2019	False	True	False	estimable
四物汤	26087559	2015-03	2015	2015	2015-03	False	False	False	estimable
四物汤	37088809	2023-04-23	2023	2023	2023-04-23	False	False	False	estimable
四物汤	36682599	2023-01-20	2023	2023	2023-05-10	False	False	False	estimable
四物汤	39268469	2024-08-29	2024	2024	2024	False	False	False	estimable
四物汤	32627471	2020-06	2020	2020	2020-06	False	False	False	estimable
四物汤	37079249	2023-04-20	2023	2023	2023-05	False	False	False	estimable
四物汤	38763371	2024-05-18	2024	2024	2024-10-05	False	False	False	estimable
四物汤	20878657	2010-11	2010	2010	2010-11	False	False	False	estimable
四物汤	38902693	2024-06-21	2024	2024	2024-06-21	False	False	False	estimable
四物汤	34447315	2021-08-10	2021	2021	2021	False	False	False	estimable
四物汤	38215128	2024-01-12	2024	2024	2024-01-12	False	False	False	estimable
四物汤	35860405	2022-06-26	2022	2022	2022	False	False	False	estimable
四物汤	38777084	2024-05-20	2024	2024	2024-10-05	False	False	False	estimable
四物汤	38115279	2023-12-15	2023	2023	2023-12-15	False	False	False	estimable
四物汤	35911404	2022-07-13	2022	2022	2022	False	False	False	estimable
四物汤	36206870	2022-10-04	2022	2022	2023-01-30	False	True	False	estimable
四物汤	37827297	2023-10-11	2023	2023	2024-01-30	False	True	False	estimable
四物汤	30928896	2019-03-23	2019	2019	2019-06-05	False	False	False	estimable
四物汤	40951885	2025-08-21	2025	2025	2025-08-21	False	False	False	estimable
四物汤	33460756	2021-01-16	2021	2021	2021-04-24	False	False	False	estimable
四物汤	36632856	2023-01-09	2023	2023	2023-04-06	False	False	False	estimable
四物汤	38266455	2024-01-12	2024	2024	2024-04-15	False	False	False	estimable
四物汤	31207665	2019-08-27	2019	2019	2019-11	False	False	False	estimable
四物汤	34822997	2021-11-22	2021	2021	2022-01	False	True	False	estimable
四物汤	35800455	2022-07-01	2022	2022	2022	False	False	False	estimable
四物汤	38434034	2024-02-20	2024	2024	2024-02-29	False	False	False	estimable
四物汤	35475538	2022-06-07	2022	2022	2022-09	False	False	False	estimable
四物汤	35718495	2022-05	2022	2022	2022-05	False	False	False	estimable
四物汤	37264383	2023-06-01	2023	2023	2023-06-01	False	False	False	estimable
四物汤	35525530	2022-05-05	2022	2022	2022-08-10	False	False	False	estimable
四物汤	32914552	2020-09-30	2020	2020	2020-11	False	False	False	estimable
四物汤	28459513	2016-08	2016	2016	2016-08	False	False	False	estimable
四物汤	37802815	2023-09	2023	2023	2023-09	False	False	False	estimable
四物汤	23935733	2013-05-09	2013	2013	2013-07	False	False	False	estimable
四物汤	30849503	2019-03-05	2019	2019	2019-05-23	False	False	False	estimable
四物汤	35096106	2022-01-21	2022	2022	2022	False	False	False	estimable
四物汤	29657247	2018-04-14	2018	2018	2018-07-01	False	False	False	estimable
四物汤	34509606	2021-09-09	2021	2021	2022-01-10	False	True	False	estimable
四物汤	34467694	2021-06	2021	2021	2021-06	False	False	False	estimable
四物汤	39897525	2025-01-27	2025	2025	2025	False	False	False	estimable
四物汤	37307591	2023-06-12	2023	2023	2023-09-04	False	False	False	estimable
四物汤	28994539	2017-03	2017	2017	2017-03	False	False	False	estimable
四物汤	30941683	2019-04-02	2019	2019	2021-08	False	True	False	estimable
四物汤	32457630	2020-05-08	2020	2020	2020	False	False	False	estimable
四物汤	41814706	2025-12	2025	2025	2025-12	False	False	False	estimable
四物汤	35653799	2022-05	2022	2022	2022-05	False	False	False	estimable
四物汤	30989923	2019-02	2019	2019	2019-02	False	False	False	estimable
四物汤	29331744	2018-01-02	2018	2018	2018-02-01	False	False	False	estimable
四物汤	39680676	2025-06-09	2025	2025	2025-06-09	False	False	False	estimable
四物汤	37907033	2023-10-29	2023	2023	2023	False	False	False	estimable
四物汤	40461227	2025-04	2025	2025	2025-04	False	False	False	estimable
四物汤	18533502	2008-02	2008	2008	2008-02	False	False	False	estimable
四物汤	34513708	2021-08-26	2021	2021	2021	False	False	False	estimable
四物汤	39442827	2024-10-21	2024	2024	2025-01-30	False	True	False	estimable
四物汤	33023593	2020-10-06	2020	2020	2020-10-06	False	False	False	estimable
四物汤	40034562	2025-02-23	2025	2025	2025	False	False	False	estimable
四物汤	35485156	2022-04-25	2022	2022	2022-04-25	False	False	False	estimable
四物汤	31885903	2019-12-10	2019	2019	2019	False	False	False	estimable
四物汤	28197938	2017-02-15	2017	2017	2018-03	False	True	False	estimable
四物汤	40591156	2025-07-01	2025	2025	2025-09	False	False	False	estimable
四物汤	35181489	2022-02-16	2022	2022	2022-05-23	False	False	False	estimable
四物汤	33350196	2020-11	2020	2020	2020-11	False	False	False	estimable
四物汤	16705858	2006-03	2006	2006	2006-03	False	False	False	estimable
四物汤	39418732	2024-10-16	2024	2024	2024-12-25	False	False	False	estimable
四物汤	17048588	2006-07	2006	2006	2006-07	False	False	False	estimable
四物汤	26775488	2015-11	2015	2015	2015-11	False	False	False	estimable
四物汤	39362331	2024-10-01	2024	2024	2025-01-30	False	True	False	estimable
四物汤	24494563	2013-11	2013	2013	2013-11	False	False	False	estimable
四物汤	28871699	2016-02	2016	2016	2016-02	False	False	False	estimable
四物汤	21174775	2010-10	2010	2010	2010-10	False	False	False	estimable
四物汤	41281278	2025-10-28	2025	2025	2025-10-28	False	False	False	estimable
四物汤	15575213	2004-09	2004	2004	2004-09	False	False	False	estimable
四物汤	17048609	2006-07	2006	2006	2006-07	False	False	False	estimable
四物汤	16201694	2005-08	2005	2005	2005-08	False	False	False	estimable
四物汤	16499030	2005-12	2005	2005	2005-12	False	False	False	estimable
四物汤	29399117	2017-11-29	2017	2017	2018-02	False	True	False	estimable
四物汤	27293456	2016-05-11	2016	2016	2016	False	False	False	estimable
四物汤	33164396	2020-09	2020	2020	2020-09	False	False	False	estimable
四物汤	22803378	2012-05	2012	2012	2012-05	False	False	False	estimable
四物汤	30829202	2019-01	2019	2019	2019-01	False	False	False	estimable
四物汤	28920349	2016-08	2016	2016	2016-08	False	False	False	estimable
四物汤	25253548	2014-09-24	2014	2014	2014-09-24	False	False	False	estimable
四物汤	19663102	2009-06	2009	2009	2009-06	False	False	False	estimable
四物汤	26677694	2015-08	2015	2015	2015-08	False	False	False	estimable
四物汤	24754179	2014-01	2014	2014	2014-01	False	False	False	estimable
四物汤	33081898	2020-09	2020	2020	2020-09	False	False	False	estimable
四逆汤	38029626	2023-11-12	2023	2023	2024-01	False	True	False	estimable
四逆汤	36632225	2023-01-01	2023	2023	2023	False	False	False	estimable
四逆汤	39798342	2025-01-05	2025	2025	2025-02	False	False	False	estimable
四逆汤	39306882	2024-09-08	2024	2024	2024-12	False	False	False	estimable
四逆汤	38921468	2024-06-14	2024	2024	2024-06-14	False	False	False	estimable
四逆汤	38504542	2024-04	2024	2024	2024-04	False	False	False	estimable
四逆汤	36959128	2023	2023	2023	2023	False	False	False	estimable
四逆汤	39949807	2024-03-26	2024	2024	2025-01	False	True	False	estimable
四逆汤	40391232	2025-05-14	2025	2025	2025	False	False	False	estimable
四逆汤	33776762	2021-03-11	2021	2021	2021	False	False	False	estimable
四逆汤	39059091	2024-05-17	2024	2024	2024-09	False	False	False	estimable
四逆汤	39525010	2024-10-29	2024	2024	2024-10-31	False	False	False	estimable
四逆汤	39922328	2025-02-06	2025	2025	2025-03-13	False	False	False	estimable
四逆汤	40754370	2025-08	2025	2025	2025-08	False	False	False	estimable
四逆汤	33817113	2018-11-09	2018	2018	2018-01	False	False	False	estimable
四逆汤	28763759	2017-07-24	2017	2017	2017-09-01	False	False	False	estimable
四逆汤	41084616	2025-10-08	2025	2025	2025	False	False	False	estimable
四逆汤	30108656	2018-07-10	2018	2018	2018	False	False	False	estimable
四逆汤	36471944	2022-11	2022	2022	2022-11	False	False	False	estimable
四逆汤	27200105	2016-04-20	2016	2016	2016	False	False	False	estimable
四逆汤	38584284	2024-04-07	2024	2024	2024-04-07	False	False	False	estimable
四逆汤	29990483	2018-07-07	2018	2018	2018-09-01	False	False	False	estimable
四逆汤	37818184	2023-09-25	2023	2023	2023	False	False	False	estimable
四逆汤	33505310	2021-01-11	2021	2021	2020	False	True	False	estimable
四逆汤	38858165	2024-06	2024	2024	2024-06	False	False	False	estimable
四逆汤	33628311	2021-02-12	2021	2021	2021	False	False	False	estimable
四逆汤	39809170	2024-11-22	2024	2024	2024-11-22	False	False	False	estimable
四逆汤	36270097	2022-10-14	2022	2022	2023-01-05	False	True	False	estimable
四逆汤	36123021	2022-09-17	2022	2022	2022-12-01	False	False	False	estimable
四逆汤	38212033	2023-12	2023	2023	2023-12	False	False	False	estimable
四逆汤	38711438	2024-04-29	2024	2024	2024	False	False	False	estimable
四逆汤	31787459	2019-11-15	2019	2019	2020-02-05	False	True	False	estimable
四逆汤	39468922	2024-10-28	2024	2024	2024-10-28	False	False	False	estimable
四逆汤	24759592	2014-03-26	2014	2014	2014-08-05	False	False	False	estimable
四逆汤	31102910	2019-05-15	2019	2019	2019-07	False	False	False	estimable
四逆汤	30214533	2018-07-25	2018	2018	2018-10	False	False	False	estimable
四逆汤	19507271	2009	2009	2009	2009	False	False	False	estimable
四逆汤	30209468	2018-11-14	2018	2018	2018-11-14	False	False	False	estimable
四逆汤	27095146	2016-04-20	2016	2016	2016-04-20	False	False	False	estimable
四逆汤	21058413	2010-11-05	2010	2010	2011-08	False	True	False	estimable
四逆汤	40382779	2025-05-18	2025	2025	2026-02	False	True	False	estimable
四逆汤	35354453	2022-03-30	2022	2022	2022-03-30	False	False	False	estimable
四逆汤	30018657	2018-06-19	2018	2018	2018	False	False	False	estimable
四逆汤	30050591	2018-06-27	2018	2018	2018	False	False	False	estimable
四逆汤	28051355	2017-01-25	2017	2017	2018-01	False	True	False	estimable
四逆汤	40928591	2025-09-10	2025	2025	2025-12	False	False	False	estimable
四逆汤	32185976	2018-06	2018	2018	2018-06	False	False	False	estimable
四逆汤	33645090	2021-02	2021	2021	2021-02	False	False	False	estimable
四逆汤	31891794	2019-12-28	2019	2019	2020-03	False	True	False	estimable
四逆汤	25315049	2014-12	2014	2014	2014-12	False	False	False	estimable
四逆汤	30594827	2018-12-22	2018	2018	2019-01-15	False	True	False	estimable
四逆汤	19260280	2008-11	2008	2008	2008-11	False	False	False	estimable
四逆汤	12577340	2001-03	2001	2001	2001-03	False	False	False	estimable
四逆汤	32006632	2020-02-01	2020	2020	2020-04-24	False	False	False	estimable
四逆汤	36032938	2022-08-22	2022	2022	2022	False	False	False	estimable
四逆汤	40431572	2025-05-15	2025	2025	2025-05-15	False	False	False	estimable
四逆汤	24723959	2014-03-03	2014	2014	2014	False	False	False	estimable
四逆汤	31553364	2019-09-23	2019	2019	2019	False	False	False	estimable
四逆汤	39486393	2024-10-23	2024	2024	2025-01-15	False	True	False	estimable
四逆汤	41046528	2025-10-05	2025	2025	2025-12	False	False	False	estimable
四逆汤	22037674	2011-10-31	2011	2011	2012-02	False	True	False	estimable
四逆汤	30633169	2019-01	2019	2019	2019-01	False	False	False	estimable
四逆汤	32617100	2020-06-13	2020	2020	2020	False	False	False	estimable
四逆汤	25499312	2014-12-09	2014	2014	2015-02-23	False	True	False	estimable
四逆汤	28606513	2017-01-24	2017	2017	2017-07-15	False	False	False	estimable
四逆汤	17048574	2006-08	2006	2006	2006-08	False	False	False	estimable
四逆汤	20432903	2009-12	2009	2009	2009-12	False	False	False	estimable
四逆汤	28372633	2017-05	2017	2017	2017-05	False	False	False	estimable
四逆汤	25435288	2014-11-27	2014	2014	2015-01-15	False	True	False	estimable
四逆汤	19260278	2008-11	2008	2008	2008-11	False	False	False	estimable
四逆汤	40350918	2025-03	2025	2025	2025-03	False	False	False	estimable
四逆汤	23409005	2013-02-07	2013	2013	2013	False	False	False	estimable
四逆汤	27678063	2016-09-28	2016	2016	2016-09-28	False	False	False	estimable
四逆汤	22110719	2011-11-16	2011	2011	2011	False	False	False	estimable
四逆汤	25516169	2014-12-16	2014	2014	2015-07	False	True	False	estimable
四逆汤	11783255	1999-01	1999	1999	1999-01	False	False	False	estimable
四逆汤	32754034	2020-07-10	2020	2020	2020	False	False	False	estimable
四逆汤	22493681	2012-04-06	2012	2012	2012	False	False	False	estimable
四逆汤	28884550	2016-04	2016	2016	2016-04	False	False	False	estimable
四逆汤	40081306	2025-03-10	2025	2025	2025-08-01	False	False	False	estimable
四逆汤	7532484	1994-09	1994	1994	1994-09	False	False	False	estimable
四逆汤	23861719	2013-06-05	2013	2013	2013	False	False	False	estimable
四逆汤	30156812	2016-06	2016	2016	2016-06	False	False	False	estimable
四逆汤	25509308	2014-08	2014	2014	2014-08	False	False	False	estimable
四逆汤	24598294	2014-03	2014	2014	2014-03	False	False	False	estimable
四逆汤	16161452	2005-07	2005	2005	2005-07	False	False	False	estimable
四逆汤	23019951	2012-07	2012	2012	2012-07	False	False	False	estimable
四逆汤	18589758	2008-01	2008	2008	2008-01	False	False	False	estimable
四逆汤	16913489	2006-04	2006	2006	2006-04	False	False	False	estimable
四逆汤	16706028	2006-02	2006	2006	2006-02	False	False	False	estimable
四逆汤	12572385	2002-08	2002	2002	2002-08	False	False	False	estimable
四逆汤	26137699	2015-02	2015	2015	2015-02	False	False	False	estimable
四逆汤	16209265	2005-06	2005	2005	2005-06	False	False	False	estimable
四逆汤	15810454	2005-03	2005	2005	2005-03	False	False	False	estimable
四逆汤	1418523	1992-02	1992	1992	1992-02	False	False	False	estimable
小柴胡汤	34111616	2021-05-24	2021	2021	2021-07-15	False	False	False	estimable
小柴胡汤	39197800	2024-08-27	2024	2024	2025-01-10	False	True	False	estimable
小柴胡汤	38434364	2024-02-20	2024	2024	2024-03-15	False	False	False	estimable
小柴胡汤	39981856	2025-02	2025	2025	2025-02	False	False	False	estimable
小柴胡汤	33850560	2021-04-02	2021	2021	2021-06	False	False	False	estimable
小柴胡汤	36678378	2022-12-25	2022	2022	2022-12-25	False	False	False	estimable
小柴胡汤	39069245	2024-07-26	2024	2024	2024-11	False	False	False	estimable
小柴胡汤	41045801	2025-10-03	2025	2025	2025-12-03	False	False	False	estimable
小柴胡汤	38742934	2024-05-13	2024	2024	2024-05-13	False	False	False	estimable
小柴胡汤	40204248	2025-04-07	2025	2025	2025-05-28	False	False	False	estimable
小柴胡汤	36246566	2022-10-04	2022	2022	2022	False	False	False	estimable
小柴胡汤	29181733	2017-11-28	2017	2017	2020-08	False	True	False	estimable
小柴胡汤	36529247	2022-12-15	2022	2022	2023-03-01	False	True	False	estimable
小柴胡汤	37475019	2023-07-20	2023	2023	2023-07-20	False	False	False	estimable
小柴胡汤	35865338	2022-07-12	2022	2022	2022	False	False	False	estimable
小柴胡汤	35833082	2022-06-27	2022	2022	2022	False	False	False	estimable
小柴胡汤	16784905	2006-06-19	2006	2006	2006-11-07	False	False	False	estimable
小柴胡汤	40221743	2025-04-12	2025	2025	2025-04-12	False	False	False	estimable
小柴胡汤	34607274	2021-09-24	2021	2021	2021-11	False	False	False	estimable
小柴胡汤	39500944	2024-11-06	2024	2024	2024-11-06	False	False	False	estimable
小柴胡汤	37683587	2023-08-19	2023	2023	2023-11	False	False	False	estimable
小柴胡汤	28944901	2017-09-20	2017	2017	2017-11	False	False	False	estimable
小柴胡汤	37172477	2023-04-26	2023	2023	2023-07-25	False	False	False	estimable
小柴胡汤	18652353	2008-05	2008	2008	2008-05	False	False	False	estimable
小柴胡汤	38532341	2024	2024	2024	2024	False	False	False	estimable
小柴胡汤	24307314	2013-12-05	2013	2013	2013-12	False	False	False	estimable
小柴胡汤	31100441	2019-05-15	2019	2019	2019-08	False	False	False	estimable
小柴胡汤	23983374	2012-04-02	2012	2012	2012	False	False	False	estimable
小柴胡汤	24255667	2013-09-26	2013	2013	2013-12	False	False	False	estimable
小柴胡汤	18718184	2008-09	2008	2008	2008-09	False	False	False	estimable
小柴胡汤	34125845	2021-06-14	2021	2021	2021	False	False	False	estimable
小柴胡汤	35718508	2022-06	2022	2022	2022-06	False	False	False	estimable
小柴胡汤	39315211	2024-09-10	2024	2024	2024-09-30	False	False	False	estimable
小柴胡汤	41377151	2025-12-09	2025	2025	2025-12-08	False	False	False	estimable
小柴胡汤	40872800	2025-08-05	2025	2025	2025-08-05	False	False	False	estimable
小柴胡汤	33824873	2021-03-20	2021	2021	2021	False	False	False	estimable
小柴胡汤	33181665	2020-11-13	2020	2020	2020-11-13	False	False	False	estimable
小柴胡汤	41224214	2025-12	2025	2025	2025-12	False	False	False	estimable
小柴胡汤	37072090	2023-04-16	2023	2023	2023-09-15	False	False	False	estimable
小柴胡汤	24926384	2014-04-02	2014	2014	2014-06	False	False	False	estimable
小柴胡汤	37641680	2020-09-22	2020	2020	2020-07	False	False	False	estimable
小柴胡汤	32863886	2020-08-27	2020	2020	2020	False	False	False	estimable
小柴胡汤	28306207	2017-04-19	2017	2017	2017-05	False	False	False	estimable
小柴胡汤	26397748	2015-09-11	2015	2015	2015-10-15	False	False	False	estimable
小柴胡汤	27398633	2016-06-27	2016	2016	2016-09-01	False	False	False	estimable
小柴胡汤	34197961	2021-06-29	2021	2021	2021-10-28	False	False	False	estimable
小柴胡汤	7682201	1993-02	1993	1993	1993-02	False	False	False	estimable
小柴胡汤	29751718	2018-04	2018	2018	2018-04	False	False	False	estimable
小柴胡汤	8169322	1994-02	1994	1994	1994-02	False	False	False	estimable
小柴胡汤	33352331	2020-12-25	2020	2020	2021-02	False	True	False	estimable
小柴胡汤	36096349	2022-09-10	2022	2022	2023-01-10	False	True	False	estimable
小柴胡汤	23853661	2013-06-18	2013	2013	2013	False	False	False	estimable
小柴胡汤	36934787	2023-03-18	2023	2023	2023-06-28	False	False	False	estimable
小柴胡汤	9339641	1997-09	1997	1997	1997-09	False	False	False	estimable
小柴胡汤	31627161	2019-08-17	2019	2019	2019-10-01	False	False	False	estimable
小柴胡汤	15307704	2004-07	2004	2004	2004-07	False	False	False	estimable
小柴胡汤	32410640	2020-05-14	2020	2020	2020-05-14	False	False	False	estimable
小柴胡汤	28420096	2017-04-14	2017	2017	2017-04-14	False	False	False	estimable
小柴胡汤	18237412	2008-01-31	2008	2008	2008-01-31	False	False	False	estimable
小柴胡汤	33645139	2021-01	2021	2021	2021-01	False	False	False	estimable
小柴胡汤	39027534	2024-06-22	2024	2024	2024-07-15	False	False	False	estimable
小柴胡汤	28480435	2017-03-01	2017	2017	2017	False	False	False	estimable
小柴胡汤	15253665	2004-07-15	2004	2004	2004-07-15	False	False	False	estimable
小柴胡汤	23773779	2013-06-18	2013	2013	2013-06-18	False	False	False	estimable
小柴胡汤	18996463	2008-10-18	2008	2008	2009-01-12	False	True	False	estimable
小柴胡汤	8349952	1993	1993	1993	1993	False	False	False	estimable
小柴胡汤	25481087	2014-11-18	2014	2014	2015-02	False	True	False	estimable
小柴胡汤	17291779	2007-02-08	2007	2007	2007-04	False	False	False	estimable
小柴胡汤	17569366	2006-06	2006	2006	2006-06	False	False	False	estimable
小柴胡汤	20079350	2010-01-13	2010	2010	2010-04-10	False	False	False	estimable
小柴胡汤	16644487	2006-02-21	2006	2006	2006-06	False	False	False	estimable
小柴胡汤	27777595	2016-09-29	2016	2016	2016	False	False	False	estimable
小柴胡汤	3264299	1988	1988	1988	1988	False	False	False	estimable
小柴胡汤	20515825	2010-06-01	2010	2010	2010-06-01	False	False	False	estimable
小柴胡汤	33536916	2021-01-18	2021	2021	2020	False	True	False	estimable
小柴胡汤	19429332	2009-03-09	2009	2009	2009-05-04	False	False	False	estimable
小柴胡汤	23268740	2012-12-27	2012	2012	2012-12-27	False	False	False	estimable
小柴胡汤	29728020	2018-04	2018	2018	2018-04	False	False	False	estimable
小柴胡汤	7783463	1995-03	1995	1995	1995-03	False	False	False	estimable
小柴胡汤	29052404	2017-04	2017	2017	2017-04	False	False	False	estimable
小柴胡汤	15146843	2003	2003	2003	2003	False	False	False	estimable
小柴胡汤	32113793	2020-02-26	2020	2020	2020-04	False	False	False	estimable
小柴胡汤	24410935	2014-01-11	2014	2014	2014-01-11	False	False	False	estimable
小柴胡汤	16834971	2006-07	2006	2006	2006-07	False	False	False	estimable
小柴胡汤	8839964	1996-07	1996	1996	1996-07	False	False	False	estimable
小柴胡汤	14626190	2003-10	2003	2003	2003-10	False	False	False	estimable
小柴胡汤	23573136	2013-03-20	2013	2013	2013	False	False	False	estimable
小柴胡汤	3851690	1985	1985	1985	1985	False	False	False	estimable
小柴胡汤	21138681	2010-12	2010	2010	2010-12	False	False	False	estimable
小柴胡汤	21486556	2011-04	2011	2011	2011-04	False	False	False	estimable
小柴胡汤	15652268	2004-12-10	2004	2004	2005-02-10	False	True	False	estimable
小柴胡汤	18672772	2008-05	2008	2008	2008-05	False	False	False	estimable
小柴胡汤	7540698	1995-04	1995	1995	1995-04	False	False	False	estimable
小柴胡汤	23596780	2013-01	2013	2013	2013-01	False	False	False	estimable
小柴胡汤	4062314	1985-11	1985	1985	1985-11	False	False	False	estimable
小柴胡汤	7550118	1995-06	1995	1995	1995-06	False	False	False	estimable
桂枝汤	35799788	2022-06-21	2022	2022	2022	False	False	False	estimable
桂枝汤	36317102	2022-10-22	2022	2022	2022	False	False	False	estimable
桂枝汤	40603921	2025-07-02	2025	2025	2025-07-02	False	False	False	estimable
桂枝汤	37158290	2023-12	2023	2023	2023-12	False	False	False	estimable
桂枝汤	36195951	2022-10-04	2022	2022	2022-10-04	False	False	False	estimable
桂枝汤	39278296	2024-09-13	2024	2024	2025-01-30	False	True	False	estimable
桂枝汤	41031176	2025-09-24	2025	2025	2025	False	False	False	estimable
桂枝汤	33849831	2021-03-25	2021	2021	2021-03-25	False	False	False	estimable
桂枝汤	40810222	2025-08	2025	2025	2025-08	False	False	False	estimable
桂枝汤	41067321	2025-10-09	2025	2025	2026-01-30	False	True	False	estimable
桂枝汤	39696593	2024-12-19	2024	2024	2024-12-19	False	False	False	estimable
桂枝汤	30106053	2018-08	2018	2018	2018-08	False	False	False	estimable
桂枝汤	36543278	2022-12-18	2022	2022	2023-03-25	False	True	False	estimable
桂枝汤	40466439	2025-06-03	2025	2025	2025	False	False	False	estimable
桂枝汤	36652817	2023-01-11	2023	2023	2023-02-01	False	False	False	estimable
桂枝汤	37303648	2023-05-15	2023	2023	2023	False	False	False	estimable
桂枝汤	38885915	2024-06-15	2024	2024	2024-10-28	False	False	False	estimable
桂枝汤	41208318	2025-11-09	2025	2025	2025-10	False	False	False	estimable
桂枝汤	41139445	2025-10-20	2025	2025	2025-10-20	False	False	False	estimable
桂枝汤	30650500	2017-04	2017	2017	2017-04	False	False	False	estimable
桂枝汤	29950057	2018-06	2018	2018	2018-06	False	False	False	estimable
桂枝汤	25456424	2014-10-23	2014	2014	2014-12-02	False	False	False	estimable
桂枝汤	31949465	2019-12-26	2019	2019	2019	False	False	False	estimable
桂枝汤	35866834	2022-07-22	2022	2022	2022-07-22	False	False	False	estimable
桂枝汤	32173634	2020-01	2020	2020	2020-01	False	False	False	estimable
桂枝汤	33081480	2020-10-16	2020	2020	2021-02	False	True	False	estimable
桂枝汤	38867532	2024	2024	2024	2024	False	False	False	estimable
桂枝汤	38181229	2024-01-05	2024	2024	2024-01-05	False	False	False	estimable
桂枝汤	38754214	2024-04-24	2024	2024	2024-07	False	False	False	estimable
桂枝汤	36760992	2023-01-25	2023	2023	2023	False	False	False	estimable
桂枝汤	25435607	2014-01-28	2014	2014	2014	False	False	False	estimable
桂枝汤	24127065	2013-10-11	2013	2013	2013-12	False	False	False	estimable
桂枝汤	33906674	2021-04-27	2021	2021	2021-04-27	False	False	False	estimable
桂枝汤	35866783	2022-07-22	2022	2022	2022-07-22	False	False	False	estimable
桂枝汤	17077517	2006-11	2006	2006	2006-11	False	False	False	estimable
桂枝汤	30554094	2018-12-08	2018	2018	2019-01-15	False	True	False	estimable
桂枝汤	35790442	2022-06-20	2022	2022	2022-06-20	False	False	False	estimable
桂枝汤	31111424	2019-05-20	2019	2019	2020-03	False	True	False	estimable
桂枝汤	34966437	2021-12-20	2021	2021	2021	False	False	False	estimable
桂枝汤	35155889	2022-01-28	2022	2022	2022-02-08	False	False	False	estimable
桂枝汤	8044020	1994-02	1994	1994	1994-02	False	False	False	estimable
桂枝汤	34457020	2021-08-17	2021	2021	2021	False	False	False	estimable
桂枝汤	31792665	2019-12-02	2019	2019	2020-02	False	True	False	estimable
桂枝汤	39765191	2025-01-02	2025	2025	2025-04	False	False	False	estimable
桂枝汤	26136945	2015-03-26	2015	2015	2015-06	False	False	False	estimable
桂枝汤	16548174	2006-01	2006	2006	2006-01	False	False	False	estimable
桂枝汤	34675809	2021-10-05	2021	2021	2021	False	False	False	estimable
桂枝汤	31901568	2019-12-23	2019	2019	2020-02	False	True	False	estimable
桂枝汤	29185359	2018-12	2018	2018	2018-12	False	False	False	estimable
桂枝汤	32051552	2020-02-12	2020	2020	2020-06	False	False	False	estimable
桂枝汤	34915324	2021-12-09	2021	2021	2022-02-05	False	True	False	estimable
桂枝汤	39988642	2025-02-23	2025	2025	2025-07	False	False	False	estimable
桂枝汤	39701768	2024-10	2024	2024	2024-10	False	False	False	estimable
桂枝汤	39098621	2024-08-06	2024	2024	2025-01-10	False	True	False	estimable
桂枝汤	25815521	2015-03-19	2015	2015	2015-07	False	False	False	estimable
桂枝汤	23754163	2013-06-10	2013	2013	2013-11	False	False	False	estimable
桂枝汤	27626411	2016-09-12	2016	2016	2016-09-12	False	False	False	estimable
桂枝汤	29075304	2017-09-18	2017	2017	2017	False	False	False	estimable
桂枝汤	35749826	2022-05-27	2022	2022	2022-09	False	False	False	estimable
桂枝汤	18310904	2008-03	2008	2008	2008-03	False	False	False	estimable
桂枝汤	28948740	2017-01	2017	2017	2017-01	False	False	False	estimable
桂枝汤	24972580	2014-06-28	2014	2014	2014-07	False	False	False	estimable
桂枝汤	38037139	2023-11-30	2023	2023	2023-11-30	False	False	False	estimable
桂枝汤	38941796	2024-06-25	2024	2024	2024-08-16	False	False	False	estimable
桂枝汤	22993997	2012-06	2012	2012	2012-06	False	False	False	estimable
桂枝汤	10322843	1997-11	1997	1997	1997-11	False	False	False	estimable
桂枝汤	41204479	2025-11-07	2025	2025	2025-11-07	False	False	False	estimable
桂枝汤	34966435	2021-12-20	2021	2021	2021	False	False	False	estimable
桂枝汤	27733198	2016-10-12	2016	2016	2016-10-12	False	False	False	estimable
桂枝汤	26432380	2015-09-25	2015	2015	2016-07-15	False	True	False	estimable
桂枝汤	27178633	2016-05-10	2016	2016	2016-07-21	False	False	False	estimable
桂枝汤	31359679	2019-07	2019	2019	2019-07	False	False	False	estimable
桂枝汤	8155944	1993-11	1993	1993	1993-11	False	False	False	estimable
桂枝汤	27386656	2016-05	2016	2016	2016-05	False	False	False	estimable
桂枝汤	20617686	2010-04	2010	2010	2010-04	False	False	False	estimable
桂枝汤	18306459	2008	2008	2008	2008	False	False	False	estimable
桂枝汤	28901079	2016-06	2016	2016	2016-06	False	False	False	estimable
桂枝汤	16834971	2006-07	2006	2006	2006-07	False	False	False	estimable
桂枝汤	12516454	2000-10	2000	2000	2000-10	False	False	False	estimable
理中丸	40486277	2024-06-06	2024	2024	2025-05	False	True	False	estimable
理中丸	37084637	2023-04-05	2023	2023	2023-06	False	False	False	estimable
理中丸	39947366	2025-02-11	2025	2025	2025-03-13	False	False	False	estimable
理中丸	37536648	2023-08-01	2023	2023	2024-01-10	False	True	False	estimable
理中丸	39486672	2024-10-31	2024	2024	2025-02-10	False	True	False	estimable
理中丸	20951788	2010-10-15	2010	2010	2011-01-27	False	True	False	estimable
理中丸	34916934	2021-11-30	2021	2021	2021	False	False	False	estimable
理中丸	23920247	2013-08-03	2013	2013	2013-10-07	False	False	False	estimable
理中丸	39089661	2024-07-31	2024	2024	2024-12-05	False	False	False	estimable
理中丸	34087403	2021-06-01	2021	2021	2021-10-05	False	False	False	estimable
理中丸	29676093	2018-03	2018	2018	2018-03	False	False	False	estimable
理中丸	30867675	2019-03-01	2019	2019	2019	False	False	False	estimable
理中丸	22899955	2012-07-31	2012	2012	2012	False	False	False	estimable
理中丸	24701240	2014-02-20	2014	2014	2014	False	False	False	estimable
补中益气汤	39116604	2024-08-07	2024	2024	2024-10	False	False	False	estimable
补中益气汤	40695404	2025-07-20	2025	2025	2025-09-25	False	False	False	estimable
补中益气汤	38158097	2023-12-27	2023	2023	2024-04-06	False	True	False	estimable
补中益气汤	40360040	2025-05-11	2025	2025	2025-07-24	False	False	False	estimable
补中益气汤	38621910	2024-02	2024	2024	2024-02	False	False	False	estimable
补中益气汤	37679989	2023-10	2023	2023	2023-10	False	False	False	estimable
补中益气汤	39701767	2024-10	2024	2024	2024-10	False	False	False	estimable
补中益气汤	37147755	2023-06	2023	2023	2023-06	False	False	False	estimable
补中益气汤	41116264	2025-10-15	2025	2025	2025-10-15	False	False	False	estimable
补中益气汤	35495748	2022-04-13	2022	2022	2022	False	False	False	estimable
补中益气汤	30558075	2018-12	2018	2018	2018-12	False	False	False	estimable
补中益气汤	41330182	2025-11-27	2025	2025	2026-01	False	True	False	estimable
补中益气汤	39278852	2024-09-01	2024	2024	2024	False	False	False	estimable
补中益气汤	37695446	2023-09-11	2023	2023	2024-07	False	True	False	estimable
补中益气汤	41415071	2025-11-15	2025	2025	2025	False	False	False	estimable
补中益气汤	39087096	2024-07-27	2024	2024	2024-07-27	False	False	False	estimable
补中益气汤	36590298	2022-12-15	2022	2022	2022	False	False	False	estimable
补中益气汤	34871253	2021-11-05	2021	2021	2021-11-05	False	False	False	estimable
补中益气汤	40065054	2025-03-10	2025	2025	2025-03-10	False	False	False	estimable
补中益气汤	39326601	2024-09-24	2024	2024	2024-11	False	False	False	estimable
补中益气汤	21598554	2011-02	2011	2011	2011-02	False	False	False	estimable
补中益气汤	38744568	2024-05-10	2024	2024	2024	False	False	False	estimable
补中益气汤	37070455	2024	2024	2024	2024	False	False	False	estimable
补中益气汤	41031496	2025-09-30	2025	2025	2025-09-30	False	False	False	estimable
补中益气汤	36737821	2023-02-04	2023	2023	2023-02-04	False	False	False	estimable
补中益气汤	34904911	2022-12	2022	2022	2022-12	False	False	False	estimable
补中益气汤	40185260	2025-04-02	2025	2025	2025-05-12	False	False	False	estimable
补中益气汤	38230796	2024-01	2024	2024	2024-01	False	False	False	estimable
补中益气汤	40701420	2025-07-21	2025	2025	2025-09-25	False	False	False	estimable
补中益气汤	25282897	2014-05	2014	2014	2014-05	False	False	False	estimable
补中益气汤	34889240	2021-12-10	2021	2021	2021-12-10	False	False	False	estimable
补中益气汤	20482257	2010-08	2010	2010	2010-08	False	False	False	estimable
补中益气汤	28959844	2017-02	2017	2017	2017-02	False	False	False	estimable
补中益气汤	40350879	2025-04	2025	2025	2025-04	False	False	False	estimable
补中益气汤	40264313	2025	2025	2025	2025	False	False	False	estimable
补中益气汤	39957354	2025-02-17	2025	2025	2025-07	False	False	False	estimable
补中益气汤	31814838	2019-11-11	2019	2019	2019	False	False	False	estimable
补中益气汤	28914034	2016-08	2016	2016	2016-08	False	False	False	estimable
补中益气汤	38688355	2024-04-28	2024	2024	2024-09-15	False	False	False	estimable
补中益气汤	7504963	1993-06	1993	1993	1993-06	False	False	False	estimable
补中益气汤	25509271	2014-10	2014	2014	2014-10	False	False	False	estimable
补中益气汤	37660955	2023-09-03	2023	2023	2024-01-30	False	True	False	estimable
补中益气汤	36687653	2023-01-06	2023	2023	2022	False	True	False	estimable
补中益气汤	21716623	2011-04	2011	2011	2011-04	False	False	False	estimable
补中益气汤	32489024	2020-04	2020	2020	2020-04	False	False	False	estimable
补中益气汤	19149266	2008-11	2008	2008	2008-11	False	False	False	estimable
补中益气汤	21823486	2011-02	2011	2011	2011-02	False	False	False	estimable
逍遥散	40684490	2025-07-13	2025	2025	2025-09	False	False	False	estimable
逍遥散	41061289	2025-09-28	2025	2025	2025-11-25	False	False	False	estimable
逍遥散	39197805	2024-08-26	2024	2024	2025-01-10	False	True	False	estimable
逍遥散	40945251	2025-09-03	2025	2025	2025-11	False	False	False	estimable
逍遥散	38375048	2023-12-01	2023	2023	2024-01	False	True	False	estimable
逍遥散	40945252	2025-09-08	2025	2025	2025-11	False	False	False	estimable
逍遥散	41225027	2025-11-12	2025	2025	2025-11-12	False	False	False	estimable
逍遥散	40998134	2025-09-23	2025	2025	2026-01-30	False	True	False	estimable
逍遥散	41273446	2025-11-22	2025	2025	2025-11-22	False	False	False	estimable
逍遥散	40541752	2025-06-18	2025	2025	2025-08-29	False	False	False	estimable
逍遥散	40458794	2025-05-19	2025	2025	2025	False	False	False	estimable
逍遥散	41029818	2025-10-01	2025	2025	2025-10-01	False	False	False	estimable
逍遥散	37844745	2023-10-14	2023	2023	2024-01-30	False	True	False	estimable
逍遥散	40752984	2025-08-05	2025	2025	2026-02-28	False	True	False	estimable
逍遥散	38851983	2023-12-30	2023	2023	2024-09	False	True	False	estimable
逍遥散	40846521	2025-07-31	2025	2025	2025-11	False	False	False	estimable
逍遥散	38232859	2024-01-15	2024	2024	2024-04-24	False	False	False	estimable
逍遥散	40547671	2025-06-04	2025	2025	2025-06-17	False	False	False	estimable
逍遥散	40912487	2025-09-03	2025	2025	2026-01-10	False	True	False	estimable
逍遥散	36279723	2022-10-21	2022	2022	2022-12	False	False	False	estimable
逍遥散	37495029	2023-07-24	2023	2023	2024-01-10	False	True	False	estimable
逍遥散	33912031	2021-04-12	2021	2021	2021	False	False	False	estimable
逍遥散	40550295	2025-06-21	2025	2025	2025-08-29	False	False	False	estimable
逍遥散	39474580	2024-10-27	2024	2024	2024-10-27	False	False	False	estimable
逍遥散	34496266	2021-09-05	2021	2021	2022-01-10	False	True	False	estimable
逍遥散	37476639	2023-07-12	2023	2023	2023	False	False	False	estimable
逍遥散	36588727	2022-12-15	2022	2022	2022	False	False	False	estimable
逍遥散	30989892	2019-02	2019	2019	2019-02	False	False	False	estimable
逍遥散	40140444	2025-03-26	2025	2025	2025-03-26	False	False	False	estimable
逍遥散	38451006	2024-03-27	2024	2024	2024-04	False	False	False	estimable
逍遥散	38004472	2023-11-14	2023	2023	2023-11-14	False	False	False	estimable
逍遥散	34867405	2021-11-19	2021	2021	2021	False	False	False	estimable
逍遥散	41218740	2025-11-09	2025	2025	2026-02-01	False	True	False	estimable
逍遥散	36160413	2022-09-08	2022	2022	2022	False	False	False	estimable
逍遥散	39338294	2024-08-27	2024	2024	2024-08-27	False	False	False	estimable
逍遥散	35489663	2022-04-27	2022	2022	2022-08-10	False	False	False	estimable
逍遥散	39675591	2024-12-14	2024	2024	2025-01-31	False	True	False	estimable
逍遥散	31920757	2019-12-10	2019	2019	2019	False	False	False	estimable
逍遥散	27413389	2016-06-20	2016	2016	2016	False	False	False	estimable
逍遥散	32256358	2020-03-18	2020	2020	2020	False	False	False	estimable
逍遥散	35906133	2022-07-25	2022	2022	2022-09	False	False	False	estimable
逍遥散	37440274	2023-07-13	2023	2023	2024-07	False	True	False	estimable
逍遥散	39121928	2024-08-08	2024	2024	2024-12-05	False	False	False	estimable
逍遥散	39086531	2024-07-27	2024	2024	2024-07-27	False	False	False	estimable
逍遥散	37632305	2023-08-26	2023	2023	2024-11	False	True	False	estimable
逍遥散	34467737	2021-08	2021	2021	2021-08	False	False	False	estimable
逍遥散	31394544	2019-08-08	2019	2019	2020	False	True	False	estimable
逍遥散	32765272	2020-07-16	2020	2020	2020	False	False	False	estimable
逍遥散	39474573	2024-10-27	2024	2024	2024-10-27	False	False	False	estimable
逍遥散	33676173	2021-02-24	2021	2021	2021-05	False	False	False	estimable
逍遥散	39041098	2024-06	2024	2024	2024-06	False	False	False	estimable
逍遥散	28336920	2017-03-23	2017	2017	2017-03-23	False	False	False	estimable
逍遥散	26191079	2015-07-19	2015	2015	2015	False	False	False	estimable
逍遥散	37322430	2023-06-15	2023	2023	2023-06-15	False	False	False	estimable
逍遥散	39114061	2024-07-14	2024	2024	2024-07-30	False	False	False	estimable
逍遥散	37046230	2023-04-12	2023	2023	2023-04-12	False	False	False	estimable
逍遥散	40179998	2025-04-01	2025	2025	2025-05-12	False	False	False	estimable
逍遥散	32311921	2020-04	2020	2020	2020-04	False	False	False	estimable
逍遥散	38367929	2024-02-16	2024	2024	2024-05-23	False	False	False	estimable
逍遥散	31632527	2019-09-15	2019	2019	2019	False	False	False	estimable
逍遥散	37263314	2023-05-30	2023	2023	2023-10-28	False	False	False	estimable
逍遥散	21869903	2011-08-22	2011	2011	2012	False	True	False	estimable
逍遥散	39512328	2024-10-16	2024	2024	2024-10-30	False	False	False	estimable
逍遥散	30699999	2019-01-29	2019	2019	2019-01-29	False	False	False	estimable
逍遥散	37125190	2023-04-14	2023	2023	2023	False	False	False	estimable
逍遥散	38729250	2024-05-09	2024	2024	2024-07	False	False	False	estimable
逍遥散	38586416	2024-03-27	2024	2024	2024-04-15	False	False	False	estimable
逍遥散	35924041	2022-07-18	2022	2022	2022	False	False	False	estimable
逍遥散	34306252	2021-06-29	2021	2021	2021	False	False	False	estimable
逍遥散	37906393	2023-10-31	2023	2023	2023-12	False	False	False	estimable
逍遥散	33935710	2021-04-16	2021	2021	2021	False	False	False	estimable
逍遥散	33654381	2021-02-22	2021	2021	2021	False	False	False	estimable
逍遥散	40450487	2025-05-31	2025	2025	2026-01-10	False	True	False	estimable
逍遥散	35814204	2022-06-23	2022	2022	2022	False	False	False	estimable
逍遥散	36099982	2022-09-12	2022	2022	2023-01-10	False	True	False	estimable
逍遥散	33113425	2020-10-28	2020	2020	2020-12	False	False	False	estimable
逍遥散	29217494	2017-12-05	2017	2017	2018-03-25	False	True	False	estimable
逍遥散	33839698	2021-04-04	2021	2021	2021-04-04	False	False	False	estimable
逍遥散	36914210	2023-04-03	2023	2023	2023-04-03	False	False	False	estimable
逍遥散	33854318	2021-04-06	2021	2021	2021	False	False	False	estimable
逍遥散	35784760	2022-06-16	2022	2022	2022	False	False	False	estimable
逍遥散	38517996	2024-03-22	2024	2024	2024-03-22	False	False	False	estimable
逍遥散	34557092	2021-09-07	2021	2021	2021	False	False	False	estimable
逍遥散	37747031	2023-09-22	2023	2023	2023-09-22	False	False	False	estimable
逍遥散	39371910	2024-09-19	2024	2024	2024	False	False	False	estimable
逍遥散	32479885	2020-05-30	2020	2020	2021-01-10	False	True	False	estimable
逍遥散	37997375	2023-12-25	2023	2023	2023-12-25	False	False	False	estimable
逍遥散	32186021	2019-02	2019	2019	2019-02	False	False	False	estimable
逍遥散	33984458	2021-05-10	2021	2021	2021-08-10	False	False	False	estimable
逍遥散	36762105	2023-01-24	2023	2023	2023	False	False	False	estimable
逍遥散	36120303	2022-09-01	2022	2022	2022	False	False	False	estimable
逍遥散	27169281	2015-12	2015	2015	2015-12	False	False	False	estimable
逍遥散	26508978	2015-10-05	2015	2015	2015	False	False	False	estimable
逍遥散	21141507	2008-05	2008	2008	2008-05	False	False	False	estimable
逍遥散	39957155	2025-02	2025	2025	2025-02	False	False	False	estimable
逍遥散	33350270	2020-10	2020	2020	2020-10	False	False	False	estimable
逍遥散	25663771	2015-02-07	2015	2015	2015-02-07	False	False	False	estimable
逍遥散	26733091	2015-12-18	2015	2015	2016-07-15	False	True	False	estimable
逍遥散	33152435	2020-11-03	2020	2020	2021-03-25	False	True	False	estimable
逍遥散	35716541	2022-06-03	2022	2022	2022-08	False	False	False	estimable
逍遥散	31790818	2019-11-29	2019	2019	2020-03-01	False	True	False	estimable
逍遥散	23243440	2012-11-13	2012	2012	2012	False	False	False	estimable
逍遥散	33167098	2020-07	2020	2020	2020-07	False	False	False	estimable
逍遥散	18562437	2008-06-18	2008	2008	2009-07	False	True	False	estimable
逍遥散	25435286	2014-11-27	2014	2014	2015-02-03	False	True	False	estimable
逍遥散	17647101	2007-07-24	2007	2007	2008-08	False	True	False	estimable
逍遥散	35575477	2022-06-22	2022	2022	2022-10	False	False	False	estimable
逍遥散	36353500	2022-10-24	2022	2022	2022	False	False	False	estimable
逍遥散	30834629	2019-03-04	2019	2019	2019-04	False	False	False	estimable
逍遥散	17617388	2007-06-21	2007	2007	2007-08-08	False	False	False	estimable
逍遥散	32655660	2020-06-19	2020	2020	2020	False	False	False	estimable
逍遥散	35800440	2022-06-21	2022	2022	2022	False	False	False	estimable
逍遥散	29018356	2017-09-22	2017	2017	2017	False	False	False	estimable
逍遥散	15852547	2005-02	2005	2005	2005-02	False	False	False	estimable
逍遥散	34808067	2021-12	2021	2021	2021-12	False	False	False	estimable
逍遥散	31031647	2019-04-12	2019	2019	2019	False	False	False	estimable
逍遥散	31911178	2020-01-03	2020	2020	2020-04-06	False	False	False	estimable
逍遥散	33989991	2021-05-07	2021	2021	2021-07-15	False	False	False	estimable
逍遥散	35051601	2022-01-17	2022	2022	2022-04-24	False	False	False	estimable
逍遥散	27619541	2016-09-09	2016	2016	2016-10-28	False	False	False	estimable
逍遥散	34091149	2021-04-24	2021	2021	2021-07	False	False	False	estimable
逍遥散	30798141	2019-02-21	2019	2019	2019-04	False	False	False	estimable
逍遥散	28348623	2017-03-02	2017	2017	2017	False	False	False	estimable
逍遥散	30581482	2018-11-18	2018	2018	2018	False	False	False	estimable
逍遥散	31412844	2019-08-14	2019	2019	2019-08-14	False	False	False	estimable
逍遥散	31445133	2019-08-21	2019	2019	2020-01-10	False	True	False	estimable
逍遥散	33505499	2021-01-07	2021	2021	2021	False	False	False	estimable
逍遥散	33313251	2020-11	2020	2020	2020-11	False	False	False	estimable
逍遥散	33618131	2021-02-04	2021	2021	2021-04-15	False	False	False	estimable
逍遥散	26186531	2015-07-07	2015	2015	2015-10-01	False	False	False	estimable
逍遥散	22975930	2012-09-13	2012	2012	2013-07	False	True	False	estimable
逍遥散	24716117	2012-01	2012	2012	2012-01	False	False	False	estimable
逍遥散	18198646	2007-12	2007	2007	2007-12	False	False	False	estimable
逍遥散	32135241	2020-03-02	2020	2020	2020-05-23	False	False	False	estimable
逍遥散	30323763	2018-09-28	2018	2018	2018	False	False	False	estimable
逍遥散	28825678	2017-08-21	2017	2017	2017-08-21	False	False	False	estimable
逍遥散	25448502	2014-10-15	2014	2014	2014-12-02	False	False	False	estimable
逍遥散	21718771	2011-06-21	2011	2011	2011-09-01	False	False	False	estimable
逍遥散	24381641	2013-12-02	2013	2013	2013	False	False	False	estimable
逍遥散	30708033	2019-01-29	2019	2019	2019-05-10	False	False	False	estimable
逍遥散	17022948	2006-10-03	2006	2006	2006-11-29	False	False	False	estimable
逍遥散	27141623	2016-02	2016	2016	2016-02	False	False	False	estimable
逍遥散	24459529	2013-12-29	2013	2013	2013	False	False	False	estimable
逍遥散	33192662	2020-10-20	2020	2020	2020	False	False	False	estimable
逍遥散	23134744	2012-11-07	2012	2012	2012-11-07	False	False	False	estimable
麻黄汤	36309114	2022-10-26	2022	2022	2023-02-10	False	True	False	estimable
麻黄汤	37282895	2023-04	2023	2023	2023-04	False	False	False	estimable
麻黄汤	29906536	2018-06-12	2018	2018	2018-10-05	False	False	False	estimable
麻黄汤	36051156	2022-08-26	2022	2022	2022	False	False	False	estimable
麻黄汤	33859560	2021-03-29	2021	2021	2021	False	False	False	estimable
麻黄汤	34017377	2021-04-15	2021	2021	2021	False	False	False	estimable
麻黄汤	38135230	2023-12-20	2023	2023	2024-03-25	False	True	False	estimable
麻黄汤	31606536	2019-10-10	2019	2019	2020-02-10	False	True	False	estimable
麻黄汤	40725914	2025-07-25	2025	2025	2025-07-25	False	False	False	estimable
麻黄汤	38211999	2023-12	2023	2023	2023-12	False	False	False	estimable
麻黄汤	38950796	2024-06-29	2024	2024	2024-11-15	False	False	False	estimable
麻黄汤	36414217	2022-11-19	2022	2022	2023-03-01	False	True	False	estimable
麻黄汤	29600623	2018-02	2018	2018	2018-02	False	False	False	estimable
麻黄汤	36578267	2022-12-19	2022	2022	2022	False	False	False	estimable
麻黄汤	39575390	2024-11-07	2024	2024	2024	False	False	False	estimable
麻黄汤	36045655	2022-08-22	2022	2022	2022	False	False	False	estimable
麻黄汤	39805760	2024-12	2024	2024	2024-12	False	False	False	estimable
麻黄汤	31900519	2020-01-03	2020	2020	2020-08	False	False	False	estimable
麻黄汤	32035217	2020-02-06	2020	2020	2020-05-10	False	False	False	estimable
麻黄汤	35337920	2022-03-23	2022	2022	2022-07-15	False	False	False	estimable
麻黄汤	25660335	2015-02-07	2015	2015	2015-04-22	False	False	False	estimable
麻黄汤	35178922	2022-01	2022	2022	2022-01	False	False	False	estimable
麻黄汤	36278797	2022-12-05	2022	2022	2022-12-05	False	False	False	estimable
麻黄汤	26593045	2015-11-22	2015	2015	2016-07	False	True	False	estimable
麻黄汤	34257680	2021-06-23	2021	2021	2021	False	False	False	estimable
麻黄汤	23754163	2013-06-10	2013	2013	2013-11	False	False	False	estimable
麻黄汤	25011267	2014-04	2014	2014	2014-04	False	False	False	estimable
麻黄汤	21246831	2010-10	2010	2010	2010-10	False	False	False	estimable
麻黄汤	30151032	2018-08-20	2018	2018	2018	False	False	False	estimable
麻黄汤	21144463	2010-12	2010	2010	2010-12	False	False	False	estimable
黄连解毒汤	40770806	2025-08-07	2025	2025	2025-08-07	False	False	False	estimable
黄连解毒汤	39116495	2024-08-07	2024	2024	2024-10-25	False	False	False	estimable
黄连解毒汤	39216772	2024-08-30	2024	2024	2025-01-10	False	True	False	estimable
黄连解毒汤	40573172	2025-05-23	2025	2025	2025-05-23	False	False	False	estimable
黄连解毒汤	35003291	2021-12-31	2021	2021	2021	False	False	False	estimable
黄连解毒汤	35642108	2023	2023	2023	2023	False	False	False	estimable
黄连解毒汤	36061816	2022-08-24	2022	2022	2022	False	False	False	estimable
黄连解毒汤	39099086	2024-08	2024	2024	2024-08	False	False	False	estimable
黄连解毒汤	38812205	2024-04	2024	2024	2024-04	False	False	False	estimable
黄连解毒汤	24744811	2014-03-13	2014	2014	2014	False	False	False	estimable
黄连解毒汤	34196572	2021-12	2021	2021	2021-12	False	False	False	estimable
黄连解毒汤	32411291	2020-05-08	2020	2020	2020	False	False	False	estimable
黄连解毒汤	36442757	2022-11-25	2022	2022	2023-03-01	False	True	False	estimable
黄连解毒汤	33579351	2021-02-12	2021	2021	2021-02-12	False	False	False	estimable
黄连解毒汤	38561055	2024-03-30	2024	2024	2024-06-28	False	False	False	estimable
黄连解毒汤	35365737	2022-04-01	2022	2022	2022-04-01	False	False	False	estimable
黄连解毒汤	38644875	2024-04-12	2024	2024	2024-04-30	False	False	False	estimable
黄连解毒汤	33995016	2021-04-30	2021	2021	2021	False	False	False	estimable
黄连解毒汤	39929661	2025-01	2025	2025	2025-01	False	False	False	estimable
黄连解毒汤	41368345	2025-12-03	2025	2025	2025	False	False	False	estimable
黄连解毒汤	33681222	2021-02-18	2021	2021	2021	False	False	False	estimable
黄连解毒汤	29576800	2018-01-16	2018	2018	2018	False	False	False	estimable
黄连解毒汤	36352898	2022-10-24	2022	2022	2022	False	False	False	estimable
黄连解毒汤	34925005	2021-12-02	2021	2021	2021	False	False	False	estimable
黄连解毒汤	37009506	2023-03-16	2023	2023	2023	False	False	False	estimable
黄连解毒汤	35593365	2023	2023	2023	2023	False	False	False	estimable
黄连解毒汤	33200228	2020-11-11	2020	2020	2021-01	False	True	False	estimable
黄连解毒汤	37533739	2023-07-06	2023	2023	2023	False	False	False	estimable
黄连解毒汤	27143984	2016-04-06	2016	2016	2016	False	False	False	estimable
黄连解毒汤	33303266	2020-12-02	2020	2020	2021-02-20	False	True	False	estimable
黄连解毒汤	38849824	2024-06-07	2024	2024	2024-06-07	False	False	False	estimable
黄连解毒汤	36241360	2022-10	2022	2022	2022-10	False	False	False	estimable
黄连解毒汤	36160407	2022-09-09	2022	2022	2022	False	False	False	estimable
黄连解毒汤	31616320	2019-09-26	2019	2019	2019	False	False	False	estimable
黄连解毒汤	39929631	2025-01	2025	2025	2025-01	False	False	False	estimable
黄连解毒汤	36202056	2022-09-20	2022	2022	2022-12	False	False	False	estimable
黄连解毒汤	35378193	2022-04-01	2022	2022	2022-07-15	False	False	False	estimable
黄连解毒汤	36060004	2022-08-17	2022	2022	2022	False	False	False	estimable
黄连解毒汤	40086110	2025-03-11	2025	2025	2025-08	False	False	False	estimable
黄连解毒汤	28278436	2017-03-06	2017	2017	2017-05	False	False	False	estimable
黄连解毒汤	30111062	2018-07	2018	2018	2018-07	False	False	False	estimable
黄连解毒汤	40370231	2025-05-13	2025	2025	2025-05-13	False	False	False	estimable
黄连解毒汤	25660286	2015-01	2015	2015	2015-01	False	False	False	estimable
黄连解毒汤	33134394	2020-10-19	2020	2020	2020	False	False	False	estimable
黄连解毒汤	33424585	2020-12-04	2020	2020	2020	False	False	False	estimable
黄连解毒汤	34970141	2021-12-14	2021	2021	2021	False	False	False	estimable
黄连解毒汤	33264659	2020-11-29	2020	2020	2021-04-24	False	True	False	estimable
黄连解毒汤	33519941	2021-01-13	2021	2021	2021	False	False	False	estimable
黄连解毒汤	12515215	2000-08	2000	2000	2000-08	False	False	False	estimable
黄连解毒汤	32210825	2020-03-10	2020	2020	2020	False	False	False	estimable
黄连解毒汤	36471936	2022-11	2022	2022	2022-11	False	False	False	estimable
黄连解毒汤	33958856	2021-04-30	2021	2021	2021	False	False	False	estimable
黄连解毒汤	41471304	2025-11-27	2025	2025	2025-11-27	False	False	False	estimable
黄连解毒汤	31964157	2020-01-21	2020	2020	2020	False	False	False	estimable
黄连解毒汤	34168550	2021-06-08	2021	2021	2021	False	False	False	estimable
黄连解毒汤	33645072	2021-01	2021	2021	2021-01	False	False	False	estimable
黄连解毒汤	24199573	2013-07	2013	2013	2013-07	False	False	False	estimable
黄连解毒汤	25700642	2015-02-17	2015	2015	2015-04-22	False	False	False	estimable
黄连解毒汤	26955687	2016-01	2016	2016	2016-01	False	False	False	estimable
黄连解毒汤	34239596	2021-06-21	2021	2021	2021	False	False	False	estimable
黄连解毒汤	26137698	2015-02	2015	2015	2015-02	False	False	False	estimable
黄连解毒汤	24368167	2013-12-22	2013	2013	2014-04-15	False	True	False	estimable
黄连解毒汤	17578317	2007-03	2007	2007	2007-03	False	False	False	estimable
黄连解毒汤	24325064	2013-08	2013	2013	2013-08	False	False	False	estimable
黄连解毒汤	24910405	2014-06-05	2014	2014	2014-08-08	False	False	False	estimable
黄连解毒汤	22097209	2011-10	2011	2011	2011-10	False	False	False	estimable
黄连解毒汤	25335334	2014-09	2014	2014	2014-09	False	False	False	estimable
黄连解毒汤	28807157	2017-04-04	2017	2017	2017	False	False	False	estimable
黄连解毒汤	34718103	2021-10-27	2021	2021	2022-02-10	False	True	False	estimable
黄连解毒汤	36471955	2022-10	2022	2022	2022-10	False	False	False	estimable
黄连解毒汤	16468376	2005-11	2005	2005	2005-11	False	False	False	estimable
黄连解毒汤	17854556	2007-09	2007	2007	2007-09	False	False	False	estimable
黄连解毒汤	22013808	2011-09	2011	2011	2011-09	False	False	False	estimable
黄连解毒汤	17631804	2007-07	2007	2007	2007-07	False	False	False	estimable
黄连解毒汤	18928099	2008-08	2008	2008	2008-08	False	False	False	estimable
黄连解毒汤	21046754	2010-08	2010	2010	2010-08	False	False	False	estimable
黄连解毒汤	17121043	2006-10	2006	2006	2006-10	False	False	False	estimable
黄连解毒汤	17144472	2006-09	2006	2006	2006-09	False	False	False	estimable
黄连解毒汤	20349713	2010-01	2010	2010	2010-01	False	False	False	estimable
黄连解毒汤	20226151	2010-03	2010	2010	2010-03	False	False	False	estimable
黄连解毒汤	30108661	2018-07-18	2018	2018	2018	False	False	False	estimable
黄连解毒汤	18051904	2007-09	2007	2007	2007-09	False	False	False	estimable
黄连解毒汤	19260319	2008-12	2008	2008	2008-12	False	False	False	estimable
黄连解毒汤	18720877	2008-05	2008	2008	2008-05	False	False	False	estimable
黄连解毒汤	17087092	2006-09	2006	2006	2006-09	False	False	False	estimable
黄连解毒汤	26084180	2015-02	2015	2015	2015-02	False	False	False	estimable
黄连解毒汤	25898587	2014-12	2014	2014	2014-12	False	False	False	estimable
黄连解毒汤	24754169	2014-01	2014	2014	2014-01	False	False	False	estimable
